func,3D_ID,3D_m_z,3D_RetTime,3D_Mobility,3D_Intensity,3D_m_z_uncal,3D_TC,3D_omegaC,3D_z,3D_omegaD,Parent_Ion_Mass,Charge,Weka_Feature(optional)
1,6,1099.6842,0,110.299,18107,4.4825,7.08,-1,1,-1,1099.615553,2+,
1,2,1099.6904,0,106.7932,16186,4.35226,6.82,-1,1,-1,1099.615553,2+,
1,1,1100.2357,0,104.3756,3718,4.00238,6.7,-1,1,-1,1099.615553,2+,
1,7,1100.2365,0,113.8314,4673,4.14441,7.27,-1,1,-1,1099.615553,2+,
1,4,1100.6735,0,108.7842,6895,5.80682,6.95,-1,1,-1,1099.615553,2+,
1,5,1101.1772,0,109.0755,9716,5.50151,7.02,-1,1,-1,1099.615553,2+,
1,3,1101.6753,0,108.7515,2826,5.53857,6.95,-1,1,-1,1099.615553,2+,
