func,3D_ID,3D_m_z,3D_RetTime,3D_Mobility,3D_Intensity,3D_m_z_uncal,3D_TC,3D_omegaC,3D_z,3D_omegaD,Parent_Ion_Mass,Charge,Weka_Feature(optional)
1,1,205.0441,0,56.861,9905,8.15982,2.56,-1,1,-1,324.200341,2+,
1,2,324.2252,0,70.9962,6992,7.46261,3.18,-1,1,-1,324.200341,2+,
1,3,385.2945,0,106.1203,2015,5.32554,4.81,-1,1,-1,324.200341,2+,
