func,3D_ID,3D_m_z,3D_RetTime,3D_Mobility,3D_Intensity,3D_m_z_uncal,3D_TC,3D_omegaC,3D_z,3D_omegaD,Parent_Ion_Mass,Charge,Weka_Feature(optional)
1,2,761.4306,0,82.4078,2982,4.58782,5.29,-1,1,-1,761.9052875,2+,
1,4,761.4328,0,93.7462,2279,4.53759,6,-1,1,-1,761.9052875,2+,
1,1,761.7619,0,82.3283,2568,4.69727,5.29,-1,1,-1,761.9052875,2+,
1,6,761.9219,0,96.2413,13823,6.19194,6.19,-1,1,-1,761.9052875,2+,
1,3,762.4227,0,92.9727,12698,6.37192,5.94,-1,1,-1,761.9052875,2+,
1,8,762.4248,0,96.7034,12698,6.37192,6.19,-1,1,-1,761.9052875,2+,
1,7,762.9373,0,96.4552,5341,4.01039,6.19,-1,1,-1,761.9052875,2+,
1,5,763.4542,0,95.0923,4704,6.2209,6.13,-1,1,-1,761.9052875,2+,
