func,3D_ID,3D_m_z,3D_RetTime,3D_Mobility,3D_Intensity,3D_m_z_uncal,3D_TC,3D_omegaC,3D_z,3D_omegaD,Parent_Ion_Mass,Charge,Weka_Feature(optional)
1,1,477.3381,0,79.6674,3019,5.8546,5.11,-1,1,-1,1049.945116,2+,
1,2,935.5832,0,89.53,2480,5.64859,5.74,-1,1,-1,1049.945116,2+,
1,5,1050.1699,0,98.0935,2456,5.81695,6.31,-1,1,-1,1049.945116,2+,
1,6,1050.6558,0,98.2273,7272,6.00817,6.31,-1,1,-1,1049.945116,2+,
1,4,1051.1559,0,97.9883,6471,6.15914,6.25,-1,1,-1,1049.945116,2+,
1,3,1051.6643,0,97.4913,2665,5.64266,6.25,-1,1,-1,1049.945116,2+,
