Peptide,E-value,Ion_type,charge,M_Z,Intensity,Mobility,Rank,PassMascotThreshold
QSPSGARGSR,1.85478196534605,frag: a ion,1,188.1261,11380.0,43.4403,2,false
QSPSGARGSR,1.85478196534605,frag: a ion - NH3,1,171.0987,7864.0,38.9893,2,false
QSPSGARGSR,1.85478196534605,frag: b ion,1,216.1241,15290.0,50.4838,2,false
QSPSGARGSR,1.85478196534605,frag: b ion,2,370.7341,4847.0,54.1946,2,false
QSPSGARGSR,1.85478196534605,frag: b ion - NH3,1,199.0969,3785.0,46.8337,2,false
QSPSGARGSR,1.85478196534605,frag: b ion - NH3,1,296.1611,5152.0,66.7018,2,false
QSPSGARGSR,1.85478196534605,frag: y ion,1,874.56226,5202.0,0.0,2,false
QSPSGARGSR,1.85478196534605,frag: y ion,1,787.5049,37360.0,141.7636,2,false
QSPSGARGSR,1.85478196534605,frag: y ion,1,690.4502,10480.0,125.0315,2,false
QSPSGARGSR,1.85478196534605,frag: y ion,2,437.7826,4117.0,59.6891,2,false
QSPSGARGSR,1.85478196534605,frag: y ion,2,394.25635,37190.0,0.0,2,false
QSPSGARGSR,1.85478196534605,no id,0,501.7777,2906,69.3804,2,false
QSPSGARGSR,1.85478196534605,no id,0,501.783,1763,65.6217,2,false
