Peptide,E-value,Ion_type,charge,M_Z,Intensity,Mobility,Rank,PassMascotThreshold
NSVLAFWEEIDR,0.83821595091288,frag: a ion,2,524.5285,169.0,17.8046,2,false
NSVLAFWEEIDR,0.83821595091288,frag: a ion,2,638.9107,169.0,34.9263,2,false
NSVLAFWEEIDR,0.83821595091288,frag: b ion,1,414.0521,169.0,16.7863,2,false
NSVLAFWEEIDR,0.83821595091288,frag: y ion,2,638.9107,169.0,34.9263,2,false
NSVLAFWEEIDR,0.83821595091288,frag: y ion - NH3,2,524.5285,169.0,17.8046,2,false
NSVLAFWEEIDR,0.83821595091288,no id,0,583.4627,103,57.8238,2,false
