Peptide,E-value,Ion_type,charge,M_Z,Intensity,Mobility,Rank,PassMascotThreshold
QTLPSPMTK,15.4274044206945,frag: a ion - NH3,2,198.1085,1836.0,16.7767,2,false
QTLPSPMTK,15.4274044206945,frag: b ion,1,129.1074,974.0,16.0782,2,false
QTLPSPMTK,15.4274044206945,frag: b ion,2,312.186,9806.0,27.133,2,false
QTLPSPMTK,15.4274044206945,frag: y ion,1,476.3158,4136.0,53.5135,2,false
QTLPSPMTK,15.4274044206945,frag: y ion,1,248.1858,7736.0,19.4591,2,false
QTLPSPMTK,15.4274044206945,frag: y ion,1,147.1224,1445.0,16.0948,2,false
QTLPSPMTK,15.4274044206945,no id,0,70.0412,875,15.8531,2,false
QTLPSPMTK,15.4274044206945,no id,0,126.0584,1160,15.950901,2,false
QTLPSPMTK,15.4274044206945,no id,0,129.1074,974,16.0782,2,false
QTLPSPMTK,15.4274044206945,no id,0,147.1224,1445,16.0948,2,false
QTLPSPMTK,15.4274044206945,no id,0,169.148,2814,16.401,2,false
QTLPSPMTK,15.4274044206945,no id,0,170.1079,2267,16.232,2,false
QTLPSPMTK,15.4274044206945,no id,0,171.0911,2575,16.1986,2,false
QTLPSPMTK,15.4274044206945,no id,0,188.1224,2160,16.4126,2,false
QTLPSPMTK,15.4274044206945,no id,0,197.149,1079,17.1682,2,false
QTLPSPMTK,15.4274044206945,no id,0,198.1085,1836,16.7767,2,false
QTLPSPMTK,15.4274044206945,no id,0,201.1457,1458,16.9753,2,false
QTLPSPMTK,15.4274044206945,no id,0,248.1858,7736,19.4591,2,false
QTLPSPMTK,15.4274044206945,no id,0,312.186,9806,27.133,2,false
QTLPSPMTK,15.4274044206945,no id,0,363.2212,5918,31.771301,2,false
QTLPSPMTK,15.4274044206945,no id,0,476.3158,4136,53.5135,2,false
QTLPSPMTK,15.4274044206945,no id,0,509.2829,4543,47.9564,2,false
QTLPSPMTK,15.4274044206945,no id,0,540.3169,5275,54.7836,2,false
QTLPSPMTK,15.4274044206945,no id,0,591.3521,4700,64.7251,2,false
QTLPSPMTK,15.4274044206945,no id,0,690.4309,4716,77.6205,2,false
