Peptide,E-value,Ion_type,charge,M_Z,Intensity,Mobility,Rank,PassMascotThreshold
HVSEKEDK,11.2058352602038,frag: a ion,1,110.1044,22160.0,24.7494,2,false
HVSEKEDK,11.2058352602038,frag: a ion,2,55.04969,5857.0,0.0,2,false
HVSEKEDK,11.2058352602038,frag: a ion,2,105.06346,1385.0,0.0,2,false
HVSEKEDK,11.2058352602038,frag: b ion,2,69.07519,15550.0,0.0,2,false
HVSEKEDK,11.2058352602038,frag: b ion,2,119.094,4579.0,24.4565,2,false
HVSEKEDK,11.2058352602038,frag: y ion,2,74.1024,163.0,23.587,2,false
HVSEKEDK,11.2058352602038,frag: y ion - NH3,2,123.1098,2751.0,24.9813,2,false
HVSEKEDK,11.2058352602038,no id,0,242.0954,105,53.9967,2,false
