Peptide,E-value,Ion_type,charge,M_Z,Intensity,Mobility,Rank,PassMascotThreshold
DKGGLAGCLK,1.75094178445282,frag: b ion,2,236.1494,10110.0,18.2991,1,false
DKGGLAGCLK,1.75094178445282,frag: b ion,2,380.2633,8346.0,18.3629,1,false
DKGGLAGCLK,1.75094178445282,frag: b ion - NH3,2,263.1474,8935.0,19.7129,1,false
DKGGLAGCLK,1.75094178445282,frag: y ion,1,477.2908,7021.0,45.6763,1,false
DKGGLAGCLK,1.75094178445282,frag: y ion - NH3,1,758.5091,6595.0,81.1838,1,false
DKGGLAGCLK,1.75094178445282,no id,0,183.3156,722,16.3647,1,false
