Peptide,E-value,Ion_type,charge,M_Z,Intensity,Mobility,Rank,PassMascotThreshold
HVPSYLQK,11.2058352602038,frag: a ion,1,110.1044,22160.0,24.7494,1,false
HVPSYLQK,11.2058352602038,frag: a ion,2,55.04969,5857.0,0.0,1,false
HVPSYLQK,11.2058352602038,frag: a ion,2,105.06346,1385.0,0.0,1,false
HVPSYLQK,11.2058352602038,frag: b ion,2,69.07519,15550.0,0.0,1,false
HVPSYLQK,11.2058352602038,frag: b ion,2,119.094,4579.0,24.4565,1,false
HVPSYLQK,11.2058352602038,frag: y ion,2,74.1024,163.0,23.587,1,false
HVPSYLQK,11.2058352602038,no id,0,242.0954,105,53.9967,1,false
