Peptide,E-value,Ion_type,charge,M_Z,Intensity,Mobility,Rank,PassMascotThreshold
DFPIANGER,0.012684451926555,frag: a ion,1,235.1552,25440.0,52.982,1,true
DFPIANGER,0.012684451926555,frag: a ion,2,344.2358,4527.0,66.6752,1,true
DFPIANGER,0.012684451926555,frag: b ion,1,263.1681,3028.0,54.9414,1,true
DFPIANGER,0.012684451926555,frag: y ion,1,756.5596,24390.0,105.833,1,true
DFPIANGER,0.012684451926555,frag: y ion,1,659.4837,21540.0,100.5095,1,true
DFPIANGER,0.012684451926555,frag: y ion,1,546.3682,30330.0,86.9736,1,true
DFPIANGER,0.012684451926555,frag: y ion,1,475.3328,7218.0,78.8776,1,true
DFPIANGER,0.012684451926555,frag: y ion,1,361.255,23270.0,68.1965,1,true
DFPIANGER,0.012684451926555,frag: y ion,1,175.14568,7632.0,0.0,1,true
DFPIANGER,0.012684451926555,frag: y ion,2,378.7853,5782.0,54.1534,1,true
DFPIANGER,0.012684451926555,frag: y ion - NH3,1,739.5449,4597.0,103.4985,1,true
DFPIANGER,0.012684451926555,frag: y ion - NH3,1,529.3579,4697.0,83.769,1,true
DFPIANGER,0.012684451926555,frag: y ion - NH3,1,458.3031,5026.0,77.6355,1,true
DFPIANGER,0.012684451926555,frag: y ion - NH3,1,344.2358,4527.0,66.6752,1,true
DFPIANGER,0.012684451926555,no id,0,183.3156,722,16.3647,1,true
