Peptide,E-value,Ion_type,charge,M_Z,Intensity,Mobility,Rank,PassMascotThreshold
QLKIDLGGK,0.550103278810262,frag: a ion,1,101.0667,452.0,23.7088,2,false
QLKIDLGGK,0.550103278810262,frag: a ion,1,342.1707,404.0,94.6016,2,false
QLKIDLGGK,0.550103278810262,frag: a ion,2,286.123,407.0,68.1779,2,false
QLKIDLGGK,0.550103278810262,frag: a ion,2,342.1707,404.0,94.6016,2,false
QLKIDLGGK,0.550103278810262,no id,0,242.0954,105,53.9967,2,false
