Peptide,E-value,Ion_type,charge,M_Z,Intensity,Mobility,Rank,PassMascotThreshold
DLGGVAQKDSK,1.37783082923795,frag: b ion,1,343.2254,172.0,28.1002,1,false
DLGGVAQKDSK,1.37783082923795,frag: b ion,2,257.0716,172.0,29.3608,1,false
DLGGVAQKDSK,1.37783082923795,frag: b ion,2,321.1647,172.0,40.0945,1,false
DLGGVAQKDSK,1.37783082923795,no id,0,357.6888,101,26.3091,1,false
DLGGVAQKDSK,1.37783082923795,no id,0,357.6888,101,26.3091,1,false
