Peptide,E-value,Ion_type,charge,M_Z,Intensity,Mobility,Rank,PassMascotThreshold
HTESLMDER,3.35116566669804,frag: a ion,1,110.07206,7337.0,0.0,1,false
HTESLMDER,3.35116566669804,frag: a ion,1,211.1533,1505.0,25.948,1,false
HTESLMDER,3.35116566669804,frag: a ion,2,55.0636,180.0,16.3564,1,false
HTESLMDER,3.35116566669804,frag: b ion,2,69.0815,215.0,16.3666,1,false
HTESLMDER,3.35116566669804,frag: b ion,2,120.1003,2425.0,17.4051,1,false
HTESLMDER,3.35116566669804,frag: y ion - NH3,2,80.0251,835.0,16.227,1,false
HTESLMDER,3.35116566669804,no id,0,357.6888,101,26.3091,1,false
HTESLMDER,3.35116566669804,no id,0,357.6888,101,26.3091,1,false
