Peptide,E-value,Ion_type,charge,M_Z,Intensity,Mobility,Rank,PassMascotThreshold
ESAPQELPTADLR,8.41527293905096,frag: b ion,2,570.3216,201.0,42.8083,1,false
ESAPQELPTADLR,8.41527293905096,frag: y ion,2,570.3216,201.0,42.8083,1,false
ESAPQELPTADLR,8.41527293905096,frag: y ion,2,521.5861,201.0,36.7499,1,false
ESAPQELPTADLR,8.41527293905096,no id,0,488.5545,104,26.3114,1,false
ESAPQELPTADLR,8.41527293905096,no id,0,558.3455,104,46.6468,1,false
ESAPQELPTADLR,8.41527293905096,no id,0,595.9804,102,34.9818,1,false
