Peptide,E-value,Ion_type,charge,M_Z,Intensity,Mobility,Rank,PassMascotThreshold
CMYSGTRPWIR,1.26785096738642,frag: a ion,2,414.8846,158.0,43.0148,1,false
CMYSGTRPWIR,1.26785096738642,frag: a ion,2,556.3294,158.0,44.6815,1,false
CMYSGTRPWIR,1.26785096738642,frag: y ion,2,414.8846,158.0,43.0148,1,false
CMYSGTRPWIR,1.26785096738642,no id,0,488.5545,104,26.3114,1,false
CMYSGTRPWIR,1.26785096738642,no id,0,558.3455,104,46.6468,1,false
CMYSGTRPWIR,1.26785096738642,no id,0,595.9804,102,34.9818,1,false
