Peptide,E-value,Ion_type,charge,M_Z,Intensity,Mobility,Rank,PassMascotThreshold
TFQRAVLVSP,2.73020902512245,frag: a ion,2,111.0918,229.0,16.5584,1,false
TFQRAVLVSP,2.73020902512245,frag: y ion,1,514.3117,227.0,41.9644,1,false
TFQRAVLVSP,2.73020902512245,frag: y ion,1,301.9804,228.0,35.2281,1,false
TFQRAVLVSP,2.73020902512245,no id,0,357.6888,101,26.3091,1,false
TFQRAVLVSP,2.73020902512245,no id,0,357.6888,101,26.3091,1,false
