Peptide,E-value,Ion_type,charge,M_Z,Intensity,Mobility,Rank,PassMascotThreshold
IQYANFVKMLLA,0.199557569736315,frag: b ion,1,475.9071,121.0,27.371,1,false
IQYANFVKMLLA,0.199557569736315,frag: b ion,1,589.8184,121.0,43.7334,1,false
IQYANFVKMLLA,0.199557569736315,no id,0,488.5545,104,26.3114,1,false
IQYANFVKMLLA,0.199557569736315,no id,0,558.3455,104,46.6468,1,false
IQYANFVKMLLA,0.199557569736315,no id,0,595.9804,102,34.9818,1,false
