Peptide,E-value,Ion_type,charge,M_Z,Intensity,Mobility,Rank,PassMascotThreshold
ASMAALESGADMLK,5.88936141056934,frag: a ion,2,497.0112,152.0,56.6154,2,false
ASMAALESGADMLK,5.88936141056934,frag: b ion,1,561.6268,152.0,32.6229,2,false
ASMAALESGADMLK,5.88936141056934,frag: y ion,2,561.6268,152.0,32.6229,2,false
ASMAALESGADMLK,5.88936141056934,frag: y ion - NH3,2,625.9044,152.0,53.0425,2,false
ASMAALESGADMLK,5.88936141056934,no id,0,488.5545,104,26.3114,2,false
ASMAALESGADMLK,5.88936141056934,no id,0,558.3455,104,46.6468,2,false
ASMAALESGADMLK,5.88936141056934,no id,0,595.9804,102,34.9818,2,false
