Peptide,E-value,Ion_type,charge,M_Z,Intensity,Mobility,Rank,PassMascotThreshold
YDDSGPNGPVIHR,1.05212709837953,frag: a ion,1,453.3067,108.0,39.7034,1,false
YDDSGPNGPVIHR,1.05212709837953,frag: b ion,2,374.9287,108.0,33.9461,1,false
YDDSGPNGPVIHR,1.05212709837953,frag: b ion,2,452.2847,108.0,37.6537,1,false
YDDSGPNGPVIHR,1.05212709837953,no id,0,488.5545,104,26.3114,1,false
YDDSGPNGPVIHR,1.05212709837953,no id,0,558.3455,104,46.6468,1,false
YDDSGPNGPVIHR,1.05212709837953,no id,0,595.9804,102,34.9818,1,false
