Peptide,E-value,Ion_type,charge,M_Z,Intensity,Mobility,Rank,PassMascotThreshold
ENSAIRGGRPVDR,4.44701102703365,frag: b ion,1,515.3085,256.0,30.0029,2,false
ENSAIRGGRPVDR,4.44701102703365,frag: b ion,2,201.1575,259.0,24.4585,2,false
ENSAIRGGRPVDR,4.44701102703365,frag: b ion,2,519.9329,254.0,29.7683,2,false
ENSAIRGGRPVDR,4.44701102703365,no id,0,488.5545,104,26.3114,2,false
ENSAIRGGRPVDR,4.44701102703365,no id,0,558.3455,104,46.6468,2,false
ENSAIRGGRPVDR,4.44701102703365,no id,0,595.9804,102,34.9818,2,false
