Peptide,E-value,Ion_type,charge,M_Z,Intensity,Mobility,Rank,PassMascotThreshold
LGAMCLTRFTEK,1.26493499107892,frag: b ion,1,532.7864,280.0,39.7596,2,false
LGAMCLTRFTEK,1.26493499107892,frag: b ion,1,1050.7662,274.0,139.4854,2,false
LGAMCLTRFTEK,1.26493499107892,no id,0,488.5545,104,26.3114,2,false
LGAMCLTRFTEK,1.26493499107892,no id,0,558.3455,104,46.6468,2,false
LGAMCLTRFTEK,1.26493499107892,no id,0,595.9804,102,34.9818,2,false
