Peptide,E-value,Ion_type,charge,M_Z,Intensity,Mobility,Rank,PassMascotThreshold
LQLAETDLPLADK,0.580855634271263,frag: a ion,1,527.8109,154.0,42.2041,2,false
LQLAETDLPLADK,0.580855634271263,frag: a ion,1,628.3443,154.0,48.6855,2,false
LQLAETDLPLADK,0.580855634271263,frag: y ion - NH3,2,527.8109,154.0,42.2041,2,false
LQLAETDLPLADK,0.580855634271263,no id,0,488.5545,104,26.3114,2,false
LQLAETDLPLADK,0.580855634271263,no id,0,558.3455,104,46.6468,2,false
LQLAETDLPLADK,0.580855634271263,no id,0,595.9804,102,34.9818,2,false
