Peptide,E-value,Ion_type,charge,M_Z,Intensity,Mobility,Rank,PassMascotThreshold
ETERSGDPAR,1.37783082923795,frag: a ion,1,488.2588,189.0,36.2417,1,false
ETERSGDPAR,1.37783082923795,frag: a ion,1,632.4198,189.0,82.1048,1,false
ETERSGDPAR,1.37783082923795,frag: b ion,2,116.0905,189.0,17.1099,1,false
ETERSGDPAR,1.37783082923795,no id,0,357.6888,101,26.3091,1,false
ETERSGDPAR,1.37783082923795,no id,0,357.6888,101,26.3091,1,false
