Peptide,E-value,Ion_type,charge,M_Z,Intensity,Mobility,Rank,PassMascotThreshold
RSGTMSLAR,3.69970647323677,frag: a ion,1,129.1209,183.0,17.5141,1,false
RSGTMSLAR,3.69970647323677,frag: a ion,2,109.0045,723.0,16.3031,1,false
RSGTMSLAR,3.69970647323677,frag: a ion,2,272.2079,118.0,36.6035,1,false
RSGTMSLAR,3.69970647323677,frag: b ion,1,402.301,284.0,55.1217,1,false
RSGTMSLAR,3.69970647323677,frag: b ion,2,122.0996,175.0,16.8318,1,false
RSGTMSLAR,3.69970647323677,frag: b ion,2,151.033,684.0,17.3647,1,false
RSGTMSLAR,3.69970647323677,frag: b ion - NH3,1,284.0613,153.0,32.8921,1,false
RSGTMSLAR,3.69970647323677,frag: y ion,1,246.19078,256.0,0.0,1,false
RSGTMSLAR,3.69970647323677,frag: y ion,1,175.13191,340.0,0.0,1,false
RSGTMSLAR,3.69970647323677,frag: y ion,2,223.1877,237.0,30.2478,1,false
RSGTMSLAR,3.69970647323677,no id,0,218.1301,114,25.7227,1,false
RSGTMSLAR,3.69970647323677,no id,0,499.306,109,56.4474,1,false
