Peptide,E-value,Ion_type,charge,M_Z,Intensity,Mobility,Rank,PassMascotThreshold
DIVNMLMHHDRFK,0.433902621180766,frag: b ion,2,115.0539,178.0,16.1845,1,false
DIVNMLMHHDRFK,0.433902621180766,frag: b ion - NH3,1,425.2475,178.0,39.4902,1,false
DIVNMLMHHDRFK,0.433902621180766,no id,0,546.8019,114,37.6462,1,false
DIVNMLMHHDRFK,0.433902621180766,no id,0,561.2806,113,28.6145,1,false
DIVNMLMHHDRFK,0.433902621180766,no id,0,731.3604,109,43.9488,1,false
DIVNMLMHHDRFK,0.433902621180766,no id,0,740.5582,106,25.9145,1,false
