Peptide,E-value,Ion_type,charge,M_Z,Intensity,Mobility,Rank,PassMascotThreshold
GAPSAEGSSTRPSLSQR,0.603104090000577,frag: b ion,2,329.1905,302.0,29.5079,1,false
GAPSAEGSSTRPSLSQR,0.603104090000577,frag: y ion,1,843.4254,297.0,90.1795,1,false
GAPSAEGSSTRPSLSQR,0.603104090000577,frag: y ion,1,175.1281,313.0,16.3421,1,false
GAPSAEGSSTRPSLSQR,0.603104090000577,no id,0,546.8019,114,37.6462,1,false
GAPSAEGSSTRPSLSQR,0.603104090000577,no id,0,561.2806,113,28.6145,1,false
GAPSAEGSSTRPSLSQR,0.603104090000577,no id,0,731.3604,109,43.9488,1,false
GAPSAEGSSTRPSLSQR,0.603104090000577,no id,0,740.5582,106,25.9145,1,false
