Peptide,E-value,Ion_type,charge,M_Z,Intensity,Mobility,Rank,PassMascotThreshold
IVRDMLQGTIGVETR,0.433902621180766,frag: a ion,1,456.7858,386.0,32.2725,2,false
IVRDMLQGTIGVETR,0.433902621180766,frag: b ion,2,242.8826,399.0,16.4337,2,false
IVRDMLQGTIGVETR,0.433902621180766,frag: b ion,2,456.7858,386.0,32.2725,2,false
IVRDMLQGTIGVETR,0.433902621180766,no id,0,546.8019,114,37.6462,2,false
IVRDMLQGTIGVETR,0.433902621180766,no id,0,561.2806,113,28.6145,2,false
IVRDMLQGTIGVETR,0.433902621180766,no id,0,731.3604,109,43.9488,2,false
IVRDMLQGTIGVETR,0.433902621180766,no id,0,740.5582,106,25.9145,2,false
