Peptide,E-value,Ion_type,charge,M_Z,Intensity,Mobility,Rank,PassMascotThreshold
MAADISVGGGEGDQPRK,0.450186299172964,frag: a ion,2,358.7637,171.0,31.253403,1,false
MAADISVGGGEGDQPRK,0.450186299172964,frag: a ion,2,508.8665,171.0,33.8435,1,false
MAADISVGGGEGDQPRK,0.450186299172964,frag: b ion,1,688.6244,171.0,52.9334,1,false
MAADISVGGGEGDQPRK,0.450186299172964,no id,0,546.8019,114,37.6462,1,false
MAADISVGGGEGDQPRK,0.450186299172964,no id,0,561.2806,113,28.6145,1,false
MAADISVGGGEGDQPRK,0.450186299172964,no id,0,731.3604,109,43.9488,1,false
MAADISVGGGEGDQPRK,0.450186299172964,no id,0,740.5582,106,25.9145,1,false
