Peptide,E-value,Ion_type,charge,M_Z,Intensity,Mobility,Rank,PassMascotThreshold
LKAMIDFDSFEDEK,2.82092976747307,frag: b ion,2,222.9055,644.0,18.0397,1,false
LKAMIDFDSFEDEK,2.82092976747307,frag: b ion,2,584.7494,622.0,43.6489,1,false
LKAMIDFDSFEDEK,2.82092976747307,no id,0,546.8019,114,37.6462,1,false
LKAMIDFDSFEDEK,2.82092976747307,no id,0,561.2806,113,28.6145,1,false
LKAMIDFDSFEDEK,2.82092976747307,no id,0,731.3604,109,43.9488,1,false
LKAMIDFDSFEDEK,2.82092976747307,no id,0,740.5582,106,25.9145,1,false
