Peptide,E-value,Ion_type,charge,M_Z,Intensity,Mobility,Rank,PassMascotThreshold
AAQDSFAAGWGVMVSHR,0.251767692775886,frag: b ion,2,381.69385,29530.0,36.6,1,false
AAQDSFAAGWGVMVSHR,0.251767692775886,frag: b ion,2,531.95325,67120.0,48.9,1,false
AAQDSFAAGWGVMVSHR,0.251767692775886,frag: y ion - NH3,1,381.69385,29530.0,36.6,1,false
AAQDSFAAGWGVMVSHR,0.251767692775886,no id,0,488.23914,12541,63.1,1,false
AAQDSFAAGWGVMVSHR,0.251767692775886,no id,0,528.26794,30065,48.1,1,false
AAQDSFAAGWGVMVSHR,0.251767692775886,no id,0,740.3974,625982,67.5,1,false
AAQDSFAAGWGVMVSHR,0.251767692775886,no id,0,740.9,478937,67.6,1,false
AAQDSFAAGWGVMVSHR,0.251767692775886,no id,0,741.39984,226187,67.6,1,false
