Peptide,E-value,Ion_type,charge,M_Z,Intensity,Mobility,Rank,PassMascotThreshold
ANELLINVK,0.0140604752412991,frag: y ion,1,699.4678,28910.0,105.2,1,true
ANELLINVK,0.0140604752412991,frag: y ion,1,473.30524,24390.0,69.8,1,true
ANELLINVK,0.0140604752412991,no id,0,612.8014,40342,54.8,1,true
ANELLINVK,0.0140604752412991,no id,0,746.684,25608,67.7,1,true
