Peptide,E-value,Ion_type,charge,M_Z,Intensity,Mobility,Rank,PassMascotThreshold
TIAQYAR,0.0116680961706096,frag: y ion,1,721.3942,19930.0,101.3,1,true
TIAQYAR,0.0116680961706096,frag: y ion,1,409.2153,21540.0,56.6,1,true
TIAQYAR,0.0116680961706096,no id,0,387.5389,349987,36.5,1,true
TIAQYAR,0.0116680961706096,no id,0,495.25107,59994,46.3,1,true
TIAQYAR,0.0116680961706096,no id,0,525.263,19853,48.9,1,true
TIAQYAR,0.0116680961706096,no id,0,567.2896,386459,48.3,1,true
TIAQYAR,0.0116680961706096,no id,0,567.7879,209838,48.4,1,true
TIAQYAR,0.0116680961706096,no id,0,568.29297,65888,48.4,1,true
