Peptide,E-value,Ion_type,charge,M_Z,Intensity,Mobility,Rank,PassMascotThreshold
DFPIANGER,0.0344202366872626,frag: a ion,1,235.1002,40430.0,55.1316,1,true
DFPIANGER,0.0344202366872626,frag: b ion,1,263.0994,28070.0,57.2006,1,true
DFPIANGER,0.0344202366872626,frag: b ion,1,360.1545,13120.0,69.7527,1,true
DFPIANGER,0.0344202366872626,frag: b ion,1,473.2395,10590.0,83.2186,1,true
DFPIANGER,0.0344202366872626,frag: b ion,1,544.2769,9923.0,90.9245,1,true
DFPIANGER,0.0344202366872626,frag: y ion,1,546.2617,14100.0,89.9388,1,true
DFPIANGER,0.0344202366872626,frag: y ion,1,475.228,6819.0,0.0,1,true
DFPIANGER,0.0344202366872626,frag: y ion,1,361.1729,5233.0,70.4688,1,true
DFPIANGER,0.0344202366872626,no id,0,115.0861,3758.0,39.0817,1,true
DFPIANGER,0.0344202366872626,no id,0,183.1504,2877.0,49.0179,1,true
DFPIANGER,0.0344202366872626,no id,0,211.1453,3035.0,55.6419,1,true
DFPIANGER,0.0344202366872626,no id,0,235.1002,40425.0,55.1316,1,true
DFPIANGER,0.0344202366872626,no id,0,236.1105,9787.0,54.999,1,true
DFPIANGER,0.0344202366872626,no id,0,263.0994,28072.0,57.2006,1,true
DFPIANGER,0.0344202366872626,no id,0,264.1090,5771.0,57.132,1,true
DFPIANGER,0.0344202366872626,no id,0,360.1545,13117.0,69.7527,1,true
DFPIANGER,0.0344202366872626,no id,0,361.1729,5233.0,70.4688,1,true
DFPIANGER,0.0344202366872626,no id,0,473.2395,10588.0,83.2186,1,true
DFPIANGER,0.0344202366872626,no id,0,474.2469,2006.0,83.2801,1,true
DFPIANGER,0.0344202366872626,no id,0,475.2280,6819.0,81.1829,1,true
DFPIANGER,0.0344202366872626,no id,0,476.2101,12697.0,81.4869,1,true
DFPIANGER,0.0344202366872626,no id,0,477.2181,3233.0,81.3621,1,true
DFPIANGER,0.0344202366872626,no id,0,496.2530,1479.0,87.7125,1,true
DFPIANGER,0.0344202366872626,no id,0,544.2769,9923.0,90.9245,1,true
DFPIANGER,0.0344202366872626,no id,0,545.2824,3254.0,90.1024,1,true
DFPIANGER,0.0344202366872626,no id,0,546.2617,14101.0,89.9388,1,true
DFPIANGER,0.0344202366872626,no id,0,547.2424,23857.0,89.5376,1,true
DFPIANGER,0.0344202366872626,no id,0,548.2530,7125.0,89.8379,1,true
DFPIANGER,0.0344202366872626,no id,0,646.3798,2887.0,103.9997,1,true
