Peptide,E-value,Ion_type,charge,M_Z,Intensity,Mobility,Rank,PassMascotThreshold
LITAIGDVVNHDPVVGDR,0.0050553806413304,frag: a ion,1,86.0994,324.0,17.0659,1,true
LITAIGDVVNHDPVVGDR,0.0050553806413304,frag: a ion,1,199.1866,210.0,26.962,1,true
LITAIGDVVNHDPVVGDR,0.0050553806413304,frag: b ion,1,227.1799,139.0,29.99,1,true
LITAIGDVVNHDPVVGDR,0.0050553806413304,frag: b ion,1,328.236,249.0,0.0,1,true
LITAIGDVVNHDPVVGDR,0.0050553806413304,frag: b ion,1,399.271,283.0,0.0,1,true
LITAIGDVVNHDPVVGDR,0.0050553806413304,frag: y ion,1,642.3786,651.0,85.8637,1,true
LITAIGDVVNHDPVVGDR,0.0050553806413304,frag: y ion,1,347.179,162.0,0.0,1,true
LITAIGDVVNHDPVVGDR,0.0050553806413304,frag: y ion,1,175.1243,480.0,19.8373,1,true
LITAIGDVVNHDPVVGDR,0.0050553806413304,no id,0,86.0994,324.0,17.0659,1,true
LITAIGDVVNHDPVVGDR,0.0050553806413304,no id,0,108.9918,276.0,16.4557,1,true
LITAIGDVVNHDPVVGDR,0.0050553806413304,no id,0,151.0160,306.0,17.234,1,true
LITAIGDVVNHDPVVGDR,0.0050553806413304,no id,0,175.1243,480.0,19.8373,1,true
LITAIGDVVNHDPVVGDR,0.0050553806413304,no id,0,178.0585,109.0,18.3971,1,true
LITAIGDVVNHDPVVGDR,0.0050553806413304,no id,0,199.1866,210.0,26.962,1,true
LITAIGDVVNHDPVVGDR,0.0050553806413304,no id,0,227.1799,139.0,29.99,1,true
LITAIGDVVNHDPVVGDR,0.0050553806413304,no id,0,288.2108,158.0,39.8604,1,true
LITAIGDVVNHDPVVGDR,0.0050553806413304,no id,0,310.2234,121.0,44.7261,1,true
LITAIGDVVNHDPVVGDR,0.0050553806413304,no id,0,328.2360,249.0,45.1194,1,true
LITAIGDVVNHDPVVGDR,0.0050553806413304,no id,0,347.1790,162.0,44.8177,1,true
LITAIGDVVNHDPVVGDR,0.0050553806413304,no id,0,381.2625,239.0,55.0126,1,true
LITAIGDVVNHDPVVGDR,0.0050553806413304,no id,0,399.2710,283.0,56.5884,1,true
LITAIGDVVNHDPVVGDR,0.0050553806413304,no id,0,642.3786,651.0,85.8637,1,true
LITAIGDVVNHDPVVGDR,0.0050553806413304,no id,0,643.3874,228.0,85.8626,1,true
