Peptide,E-value,Ion_type,charge,M_Z,Intensity,Mobility,Rank,PassMascotThreshold
WLSATTVER,0.81901409916626,frag: a ion,1,531.3419,171.0,75.6265,1,false
WLSATTVER,0.81901409916626,frag: a ion,1,632.3641,352.0,83.2461,1,false
WLSATTVER,0.81901409916626,frag: a ion,1,731.4403,312.0,97.6551,1,false
WLSATTVER,0.81901409916626,no id,0,61.0169,175.0,16.2249,1,false
WLSATTVER,0.81901409916626,no id,0,72.0860,236.0,16.4802,1,false
WLSATTVER,0.81901409916626,no id,0,86.1033,591.0,16.5614,1,false
WLSATTVER,0.81901409916626,no id,0,93.0199,203.0,16.5828,1,false
WLSATTVER,0.81901409916626,no id,0,98.0687,170.0,16.3312,1,false
WLSATTVER,0.81901409916626,no id,0,104.0599,203.0,16.8137,1,false
WLSATTVER,0.81901409916626,no id,0,108.9971,429.0,16.2817,1,false
WLSATTVER,0.81901409916626,no id,0,110.0801,145.0,16.545,1,false
WLSATTVER,0.81901409916626,no id,0,120.0908,203.0,17.1883,1,false
WLSATTVER,0.81901409916626,no id,0,122.0913,147.0,16.8851,1,false
WLSATTVER,0.81901409916626,no id,0,151.0224,484.0,17.089,1,false
WLSATTVER,0.81901409916626,no id,0,178.0658,283.0,19.1573,1,false
WLSATTVER,0.81901409916626,no id,0,185.1764,338.0,23.8709,1,false
WLSATTVER,0.81901409916626,no id,0,191.0977,235.0,21.7592,1,false
WLSATTVER,0.81901409916626,no id,0,213.1757,142.0,26.8077,1,false
WLSATTVER,0.81901409916626,no id,0,219.0941,127.0,26.2757,1,false
WLSATTVER,0.81901409916626,no id,0,314.1783,211.0,42.068,1,false
WLSATTVER,0.81901409916626,no id,0,531.3419,171.0,75.6265,1,false
WLSATTVER,0.81901409916626,no id,0,532.3111,392.0,73.5679,1,false
WLSATTVER,0.81901409916626,no id,0,632.3641,352.0,83.2461,1,false
WLSATTVER,0.81901409916626,no id,0,731.4403,312.0,97.6551,1,false
WLSATTVER,0.81901409916626,no id,0,857.4786,197.0,113.3618,1,false
WLSATTVER,0.81901409916626,no id,0,857.4856,245.0,117.2309,1,false
WLSATTVER,0.81901409916626,no id,0,931.5777,238.0,125.8962,1,false
