Peptide,E-value,Ion_type,charge,M_Z,Intensity,Mobility,Rank,PassMascotThreshold
VGDANPALQK,1.3491742518302e-005,frag: a ion,1,72.0799,5207.0,30.3505,1,true
VGDANPALQK,1.3491742518302e-005,frag: b ion,1,157.0987,3210.0,38.7652,1,true
VGDANPALQK,1.3491742518302e-005,frag: b ion,1,272.1266,2893.0,61.5603,1,true
VGDANPALQK,1.3491742518302e-005,frag: b ion,1,343.165,6640.0,0.0,1,true
VGDANPALQK,1.3491742518302e-005,frag: b ion,1,457.2073,9417.0,86.5106,1,true
VGDANPALQK,1.3491742518302e-005,frag: b ion - NH3,1,440.182,2540.0,0.0,1,true
VGDANPALQK,1.3491742518302e-005,frag: y ion,1,913.47754,13870.0,0.0,1,true
VGDANPALQK,1.3491742518302e-005,frag: y ion,1,856.4568,3944.0,146.1727,1,true
VGDANPALQK,1.3491742518302e-005,frag: y ion,1,741.4282,4911.0,133.2093,1,true
VGDANPALQK,1.3491742518302e-005,frag: y ion,1,670.3907,10540.0,123.7846,1,true
VGDANPALQK,1.3491742518302e-005,frag: y ion,1,556.3447,18840.0,113.6793,1,true
VGDANPALQK,1.3491742518302e-005,frag: y ion,1,275.1733,1968.0,61.1941,1,true
VGDANPALQK,1.3491742518302e-005,frag: y ion,2,457.2073,9417.0,86.5106,1,true
VGDANPALQK,1.3491742518302e-005,no id,0,72.0799,5207.0,30.3505,1,true
VGDANPALQK,1.3491742518302e-005,no id,0,157.0987,3210.0,38.7652,1,true
VGDANPALQK,1.3491742518302e-005,no id,0,272.1266,2893.0,61.5603,1,true
VGDANPALQK,1.3491742518302e-005,no id,0,275.1733,1968.0,61.1941,1,true
VGDANPALQK,1.3491742518302e-005,no id,0,343.1650,6640.0,72.6117,1,true
VGDANPALQK,1.3491742518302e-005,no id,0,440.1820,2540.0,85.2505,1,true
VGDANPALQK,1.3491742518302e-005,no id,0,457.2073,9417.0,86.5106,1,true
VGDANPALQK,1.3491742518302e-005,no id,0,556.3447,18836.0,113.6793,1,true
VGDANPALQK,1.3491742518302e-005,no id,0,557.3511,2149.0,111.4796,1,true
VGDANPALQK,1.3491742518302e-005,no id,0,557.3522,2813.0,114.0504,1,true
VGDANPALQK,1.3491742518302e-005,no id,0,620.3030,5062.0,111.8882,1,true
VGDANPALQK,1.3491742518302e-005,no id,0,670.3907,10540.0,123.7846,1,true
VGDANPALQK,1.3491742518302e-005,no id,0,741.4282,4911.0,133.2093,1,true
VGDANPALQK,1.3491742518302e-005,no id,0,856.4568,3944.0,146.1727,1,true
VGDANPALQK,1.3491742518302e-005,no id,0,913.4767,7192.0,158.4809,1,true
VGDANPALQK,1.3491742518302e-005,no id,0,913.4785,6676.0,155.0562,1,true
VGDANPALQK,1.3491742518302e-005,no id,0,914.4848,4097.0,157.0734,1,true
