Peptide,E-value,Ion_type,charge,M_Z,Intensity,Mobility,Rank,PassMascotThreshold
FAAYLER,0.37432244932503,frag: a ion,1,120.0916,871.0,24.3774,1,false
FAAYLER,0.37432244932503,frag: a ion,1,191.1352,328.0,31.513702,1,false
FAAYLER,0.37432244932503,frag: b ion,1,219.1321,113.0,36.2091,1,false
FAAYLER,0.37432244932503,frag: b ion,2,110.0792,280.0,23.4172,1,false
FAAYLER,0.37432244932503,frag: y ion,1,175.1346,340.0,27.5364,1,false
FAAYLER,0.37432244932503,no id,0,70.0724,199.0,23.5205,1,false
FAAYLER,0.37432244932503,no id,0,151.0246,1050.0,24.6084,1,false
FAAYLER,0.37432244932503,no id,0,120.0916,871.0,24.3774,1,false
FAAYLER,0.37432244932503,no id,0,93.0210,296.0,23.1905,1,false
FAAYLER,0.37432244932503,no id,0,110.0792,280.0,23.4172,1,false
FAAYLER,0.37432244932503,no id,0,100.1208,226.0,23.7533,1,false
FAAYLER,0.37432244932503,no id,0,108.0551,213.0,23.6043,1,false
FAAYLER,0.37432244932503,no id,0,98.9933,210.0,24.0873,1,false
FAAYLER,0.37432244932503,no id,0,70.0724,199.0,23.5205,1,false
FAAYLER,0.37432244932503,no id,0,86.1059,175.0,24.1726,1,false
FAAYLER,0.37432244932503,no id,0,86.1059,175.0,24.1726,1,false
FAAYLER,0.37432244932503,no id,0,175.1346,170.0,27.5364,1,false
FAAYLER,0.37432244932503,no id,0,175.1346,170.0,27.5364,1,false
FAAYLER,0.37432244932503,no id,0,191.1352,164.0,31.513702,1,false
FAAYLER,0.37432244932503,no id,0,191.1352,164.0,31.513702,1,false
FAAYLER,0.37432244932503,no id,0,207.0024,163.0,35.2588,1,false
FAAYLER,0.37432244932503,no id,0,178.0677,138.0,26.7899,1,false
FAAYLER,0.37432244932503,no id,0,178.0677,138.0,26.7899,1,false
FAAYLER,0.37432244932503,no id,0,679.3799,132.0,119.6749,1,false
FAAYLER,0.37432244932503,no id,0,136.0875,125.0,26.0286,1,false
FAAYLER,0.37432244932503,no id,0,136.0875,125.0,26.0286,1,false
FAAYLER,0.37432244932503,no id,0,219.1321,113.0,36.2091,1,false
