func,3D_ID,3D_m_z,3D_RetTime,3D_Mobility,3D_Intensity,3D_m_z_uncal,3D_TC,3D_omegaC,3D_z,3D_omegaD,Parent_Ion_Mass,Charge,Weka_Feature(optional)
1,3,605.3093,0,92.8951,4403,3.64619,5.95,-1,1,-1,605.266812,2+,
1,2,605.8156,0,92.5215,5830,6.44545,5.95,-1,1,-1,605.266812,2+,
1,1,606.3547,0,87.7685,2587,5.81811,5.62,-1,1,-1,605.266812,2+,
