func,3D_ID,3D_m_z,3D_RetTime,3D_Mobility,3D_Intensity,3D_m_z_uncal,3D_TC,3D_omegaC,3D_z,3D_omegaD,Parent_Ion_Mass,Charge,Weka_Feature(optional)
1,1,791.4171,0,92.8345,5004,6.7345,5.94,-1,1,-1,791.3672535,2+,
1,2,791.9196,0,93.1925,5267,6.58752,6,-1,1,-1,791.3672535,2+,
1,3,951.4917,0,139.9791,4464,6.67255,8.96,-1,1,-1,791.3672535,2+,
1,4,1052.5494,0,147.4499,4677,6.56412,9.46,-1,1,-1,791.3672535,2+,
