func,3D_ID,3D_m_z,3D_RetTime,3D_Mobility,3D_Intensity,3D_m_z_uncal,3D_TC,3D_omegaC,3D_z,3D_omegaD,Parent_Ion_Mass,Charge,Weka_Feature(optional)
1,1,205.0451,0,56.1113,11133,8.52469,2.56,-1,1,-1,324.200341,2+,
1,2,385.2923,0,105.9624,4991,7.18411,4.77,-1,1,-1,324.200341,2+,
1,3,385.2942,0,110.6303,1507,4.61449,4.99,-1,1,-1,324.200341,2+,
1,4,548.3727,0,145.144,2974,6.24113,6.58,-1,1,-1,324.200341,2+,
