Peptide,E-value,Ion_type,charge,M_Z,Intensity,Mobility,Rank,PassMascotThreshold
TMYTQKILTPEEK,0.392740835158623,frag: a ion,1,951.4917,4464.0,139.9791,2,false
TMYTQKILTPEEK,0.392740835158623,frag: a ion,1,1052.5494,4677.0,147.4499,2,false
TMYTQKILTPEEK,0.392740835158623,no id,0,791.4171,5004,92.8345,2,false
TMYTQKILTPEEK,0.392740835158623,no id,0,791.9196,5267,93.1925,2,false
TMYTQKILTPEEK,0.392740835158623,no id,0,951.4917,4464,139.9791,2,false
TMYTQKILTPEEK,0.392740835158623,no id,0,1052.5494,4677,147.4499,2,false
