Peptide,E-value,Ion_type,charge,M_Z,Intensity,Mobility,Rank,PassMascotThreshold
HRATPSSPAVSR,1.06954570264457,frag: a ion,1,110.072,15030.0,16.1052,1,false
HRATPSSPAVSR,1.06954570264457,frag: a ion,1,266.1342,2260.0,20.4491,1,false
HRATPSSPAVSR,1.06954570264457,frag: a ion,2,220.1288,451.0,17.3812,1,false
HRATPSSPAVSR,1.06954570264457,frag: a ion - NH3,1,249.1053,2690.0,19.3612,1,false
HRATPSSPAVSR,1.06954570264457,frag: a ion - NH3,2,211.1228,542.0,16.9495,1,false
HRATPSSPAVSR,1.06954570264457,frag: b ion,1,138.0689,208.0,16.2229,1,false
HRATPSSPAVSR,1.06954570264457,frag: y ion,1,175.1239,2537.0,16.4103,1,false
HRATPSSPAVSR,1.06954570264457,frag: y ion - NH3,1,158.0974,1477.0,16.2286,1,false
HRATPSSPAVSR,1.06954570264457,frag: y ion - NH3,2,257.134,483.0,19.2004,1,false
HRATPSSPAVSR,1.06954570264457,frag: y ion - NH3,2,123.0614,251.0,16.2782,1,false
HRATPSSPAVSR,1.06954570264457,no id,0,296.1437,104,23.8938,1,false
