Peptide,E-value,Ion_type,charge,M_Z,Intensity,Mobility,Rank,PassMascotThreshold
DSSGLPLSSR,0.80960225070594,frag: a ion,1,175.1132,2499.0,16.316,1,false
DSSGLPLSSR,0.80960225070594,frag: a ion,1,529.3201,2197.0,51.2426,1,false
DSSGLPLSSR,0.80960225070594,frag: y ion,1,175.1132,2499.0,16.316,1,false
DSSGLPLSSR,0.80960225070594,frag: y ion,2,175.1132,2499.0,16.316,1,false
DSSGLPLSSR,0.80960225070594,no id,0,183.3156,722,16.3647,1,false
