Peptide,E-value,Ion_type,charge,M_Z,Intensity,Mobility,Rank,PassMascotThreshold
RLAEVSSAER,9.73186101495459,frag: a ion - NH3,1,425.6988,193.0,30.9417,2,false
RLAEVSSAER,9.73186101495459,frag: y ion,2,424.688,193.0,30.0742,2,false
RLAEVSSAER,9.73186101495459,frag: y ion,2,231.1397,194.0,27.1715,2,false
RLAEVSSAER,9.73186101495459,no id,0,357.6888,101,26.3091,2,false
RLAEVSSAER,9.73186101495459,no id,0,357.6888,101,26.3091,2,false
