Peptide,E-value,Ion_type,charge,M_Z,Intensity,Mobility,Rank,PassMascotThreshold
HLLFLAEMK,0.497961650735513,frag: a ion,1,223.1933,203.0,29.3063,1,false
HLLFLAEMK,0.497961650735513,frag: a ion,1,483.2638,202.0,63.3199,1,false
HLLFLAEMK,0.497961650735513,no id,0,357.6888,101,26.3091,1,false
HLLFLAEMK,0.497961650735513,no id,0,357.6888,101,26.3091,1,false
