Peptide,E-value,Ion_type,charge,M_Z,Intensity,Mobility,Rank,PassMascotThreshold
YDYGSMDYYYS,13.4607173926427,frag: b ion,2,293.1608,141.0,37.0196,1,false
YDYGSMDYYYS,13.4607173926427,frag: b ion,2,661.3548,141.0,52.8328,1,false
YDYGSMDYYYS,13.4607173926427,no id,0,488.5545,104,26.3114,1,false
YDYGSMDYYYS,13.4607173926427,no id,0,558.3455,104,46.6468,1,false
YDYGSMDYYYS,13.4607173926427,no id,0,595.9804,102,34.9818,1,false
