Peptide,E-value,Ion_type,charge,M_Z,Intensity,Mobility,Rank,PassMascotThreshold
SSHIERFNK,0.497961650735513,frag: a ion,1,147.1362,277.0,18.2034,1,false
SSHIERFNK,0.497961650735513,frag: y ion,1,564.0529,276.0,46.1661,1,false
SSHIERFNK,0.497961650735513,frag: y ion,1,147.1362,277.0,18.2034,1,false
SSHIERFNK,0.497961650735513,no id,0,357.6888,101,26.3091,1,false
SSHIERFNK,0.497961650735513,no id,0,357.6888,101,26.3091,1,false
