Peptide,E-value,Ion_type,charge,M_Z,Intensity,Mobility,Rank,PassMascotThreshold
ISGDLSTLRR,0.497961650735513,frag: a ion,2,273.0542,240.0,32.3918,1,false
ISGDLSTLRR,0.497961650735513,frag: y ion,2,459.5475,240.0,25.8341,1,false
ISGDLSTLRR,0.497961650735513,frag: y ion,2,273.0542,240.0,32.3918,1,false
ISGDLSTLRR,0.497961650735513,no id,0,357.6888,101,26.3091,1,false
ISGDLSTLRR,0.497961650735513,no id,0,357.6888,101,26.3091,1,false
