Peptide,E-value,Ion_type,charge,M_Z,Intensity,Mobility,Rank,PassMascotThreshold
AGGEAVGADSGAR,0.562595038664705,frag: a ion,1,158.1197,328.0,18.4915,1,false
AGGEAVGADSGAR,0.562595038664705,frag: a ion,1,457.2775,326.0,60.7801,1,false
AGGEAVGADSGAR,0.562595038664705,frag: b ion,2,158.1197,328.0,18.4915,1,false
AGGEAVGADSGAR,0.562595038664705,frag: y ion,1,390.2818,327.0,51.4571,1,false
AGGEAVGADSGAR,0.562595038664705,frag: y ion - NH3,1,158.1197,328.0,18.4915,1,false
AGGEAVGADSGAR,0.562595038664705,no id,0,357.6888,101,26.3091,1,false
AGGEAVGADSGAR,0.562595038664705,no id,0,357.6888,101,26.3091,1,false
