Peptide,E-value,Ion_type,charge,M_Z,Intensity,Mobility,Rank,PassMascotThreshold
LGAMCLTRFTEK,0.38731846886795,frag: a ion,1,86.1113,1288.0,16.888,1,false
LGAMCLTRFTEK,0.38731846886795,frag: a ion,1,719.4756,1241.0,49.6152,1,false
LGAMCLTRFTEK,0.38731846886795,frag: b ion,2,86.1113,1288.0,16.888,1,false
LGAMCLTRFTEK,0.38731846886795,no id,0,488.5545,104,26.3114,1,false
LGAMCLTRFTEK,0.38731846886795,no id,0,558.3455,104,46.6468,1,false
LGAMCLTRFTEK,0.38731846886795,no id,0,595.9804,102,34.9818,1,false
