Peptide,E-value,Ion_type,charge,M_Z,Intensity,Mobility,Rank,PassMascotThreshold
GDFLCLRTVAFK,0.38731846886795,frag: b ion,1,432.9009,608.0,44.3258,1,false
GDFLCLRTVAFK,0.38731846886795,frag: b ion,1,705.997,593.0,61.0936,1,false
GDFLCLRTVAFK,0.38731846886795,frag: y ion,1,565.8233,606.0,45.9719,1,false
GDFLCLRTVAFK,0.38731846886795,no id,0,488.5545,104,26.3114,1,false
GDFLCLRTVAFK,0.38731846886795,no id,0,558.3455,104,46.6468,1,false
GDFLCLRTVAFK,0.38731846886795,no id,0,595.9804,102,34.9818,1,false
