Peptide,E-value,Ion_type,charge,M_Z,Intensity,Mobility,Rank,PassMascotThreshold
LALGVYAHLRADK,9.35552592007716,frag: b ion,1,185.1968,139.0,24.518,2,false
LALGVYAHLRADK,9.35552592007716,frag: b ion,1,688.0963,138.0,44.3013,2,false
LALGVYAHLRADK,9.35552592007716,frag: y ion - NH3,2,479.2489,138.0,37.0559,2,false
LALGVYAHLRADK,9.35552592007716,no id,0,488.5545,104,26.3114,2,false
LALGVYAHLRADK,9.35552592007716,no id,0,558.3455,104,46.6468,2,false
LALGVYAHLRADK,9.35552592007716,no id,0,595.9804,102,34.9818,2,false
