Peptide,E-value,Ion_type,charge,M_Z,Intensity,Mobility,Rank,PassMascotThreshold
HMHPIPVPVDLR,0.580855634271263,frag: b ion,1,455.2563,191.0,36.7711,1,false
HMHPIPVPVDLR,0.580855634271263,frag: y ion,2,455.2563,191.0,36.7711,1,false
HMHPIPVPVDLR,0.580855634271263,no id,0,488.5545,104,26.3114,1,false
HMHPIPVPVDLR,0.580855634271263,no id,0,558.3455,104,46.6468,1,false
HMHPIPVPVDLR,0.580855634271263,no id,0,595.9804,102,34.9818,1,false
