Peptide,E-value,Ion_type,charge,M_Z,Intensity,Mobility,Rank,PassMascotThreshold
LGAMCLTRFTEK,0.580855634271263,frag: y ion,2,628.3443,154.0,48.6855,1,false
LGAMCLTRFTEK,0.580855634271263,frag: y ion,2,527.8109,154.0,42.2041,1,false
LGAMCLTRFTEK,0.580855634271263,no id,0,488.5545,104,26.3114,1,false
LGAMCLTRFTEK,0.580855634271263,no id,0,558.3455,104,46.6468,1,false
LGAMCLTRFTEK,0.580855634271263,no id,0,595.9804,102,34.9818,1,false
