Peptide,E-value,Ion_type,charge,M_Z,Intensity,Mobility,Rank,PassMascotThreshold
MRQAPDARPAASR,0.580855634271263,frag: b ion,2,244.2041,180.0,32.212,2,false
MRQAPDARPAASR,0.580855634271263,frag: b ion,2,547.3076,180.0,42.7184,2,false
MRQAPDARPAASR,0.580855634271263,no id,0,488.5545,104,26.3114,2,false
MRQAPDARPAASR,0.580855634271263,no id,0,558.3455,104,46.6468,2,false
MRQAPDARPAASR,0.580855634271263,no id,0,595.9804,102,34.9818,2,false
