Peptide,E-value,Ion_type,charge,M_Z,Intensity,Mobility,Rank,PassMascotThreshold
SEEIAQPTDK,3.32044199519229,frag: a ion,1,431.2539,136.0,56.2023,1,false
SEEIAQPTDK,3.32044199519229,frag: a ion,1,630.4395,136.0,80.9391,1,false
SEEIAQPTDK,3.32044199519229,frag: y ion,1,588.3494,136.0,47.0494,1,false
SEEIAQPTDK,3.32044199519229,frag: y ion,1,459.8824,136.0,25.7091,1,false
SEEIAQPTDK,3.32044199519229,frag: y ion - NH3,2,507.3166,136.0,66.3245,1,false
SEEIAQPTDK,3.32044199519229,no id,0,357.6888,101,26.3091,1,false
SEEIAQPTDK,3.32044199519229,no id,0,357.6888,101,26.3091,1,false
