Peptide,E-value,Ion_type,charge,M_Z,Intensity,Mobility,Rank,PassMascotThreshold
HLQIIYEINQR,6.79310310550703,frag: b ion - NH3,1,474.9303,788.0,49.6061,2,false
HLQIIYEINQR,6.79310310550703,frag: b ion - NH3,2,497.7578,757.0,37.9526,2,false
HLQIIYEINQR,6.79310310550703,frag: y ion,1,1289.9395,739.0,179.0998,2,false
HLQIIYEINQR,6.79310310550703,frag: y ion,1,530.3921,756.0,73.1751,2,false
HLQIIYEINQR,6.79310310550703,no id,0,488.5545,104,26.3114,2,false
HLQIIYEINQR,6.79310310550703,no id,0,558.3455,104,46.6468,2,false
HLQIIYEINQR,6.79310310550703,no id,0,595.9804,102,34.9818,2,false
