Peptide,E-value,Ion_type,charge,M_Z,Intensity,Mobility,Rank,PassMascotThreshold
HLCLQNKDAAEK,8.0180397755398,frag: a ion,2,527.2676,125.0,30.275,1,false
HLCLQNKDAAEK,8.0180397755398,frag: a ion,2,561.8304,125.0,42.6874,1,false
HLCLQNKDAAEK,8.0180397755398,frag: b ion - NH3,2,532.5898,125.0,29.7125,1,false
HLCLQNKDAAEK,8.0180397755398,no id,0,488.5545,104,26.3114,1,false
HLCLQNKDAAEK,8.0180397755398,no id,0,558.3455,104,46.6468,1,false
HLCLQNKDAAEK,8.0180397755398,no id,0,595.9804,102,34.9818,1,false
