Peptide,E-value,Ion_type,charge,M_Z,Intensity,Mobility,Rank,PassMascotThreshold
RLAADGVGPQFPAK,9.37709263466689,frag: b ion - NH3,1,567.3127,169.0,44.2605,1,false
RLAADGVGPQFPAK,9.37709263466689,frag: y ion,1,687.4209,169.0,55.8076,1,false
RLAADGVGPQFPAK,9.37709263466689,frag: y ion,2,579.2902,169.0,44.3284,1,false
RLAADGVGPQFPAK,9.37709263466689,frag: y ion,2,543.7616,169.0,40.7902,1,false
RLAADGVGPQFPAK,9.37709263466689,no id,0,488.5545,104,26.3114,1,false
RLAADGVGPQFPAK,9.37709263466689,no id,0,558.3455,104,46.6468,1,false
RLAADGVGPQFPAK,9.37709263466689,no id,0,595.9804,102,34.9818,1,false
