Peptide,E-value,Ion_type,charge,M_Z,Intensity,Mobility,Rank,PassMascotThreshold
VQKDPAVDDPSQK,1.26785096738642,frag: b ion,1,356.2974,112.0,52.1994,1,false
VQKDPAVDDPSQK,1.26785096738642,frag: b ion,1,568.3439,112.0,45.3241,1,false
VQKDPAVDDPSQK,1.26785096738642,frag: b ion - NH3,2,568.3439,112.0,45.3241,1,false
VQKDPAVDDPSQK,1.26785096738642,no id,0,488.5545,104,26.3114,1,false
VQKDPAVDDPSQK,1.26785096738642,no id,0,558.3455,104,46.6468,1,false
VQKDPAVDDPSQK,1.26785096738642,no id,0,595.9804,102,34.9818,1,false
