Peptide,E-value,Ion_type,charge,M_Z,Intensity,Mobility,Rank,PassMascotThreshold
VLRGEAAK,0.653947168192278,frag: a ion,1,72.0939,209.0,23.7672,1,false
VLRGEAAK,0.653947168192278,frag: a ion,1,185.192,149.0,34.3625,1,false
VLRGEAAK,0.653947168192278,frag: a ion,2,93.0258,183.0,23.4594,1,false
VLRGEAAK,0.653947168192278,frag: b ion,2,185.192,149.0,34.3625,1,false
VLRGEAAK,0.653947168192278,frag: y ion,2,210.0561,310.0,30.623,1,false
VLRGEAAK,0.653947168192278,no id,0,151.0328,142,24.9337,1,false
VLRGEAAK,0.653947168192278,no id,0,312.0395,132,27.6943,1,false
