Peptide,E-value,Ion_type,charge,M_Z,Intensity,Mobility,Rank,PassMascotThreshold
LGLPSRAR,0.82298103312764,frag: a ion,1,86.112,350.0,24.1726,1,false
LGLPSRAR,0.82298103312764,frag: b ion,2,86.112,350.0,24.1726,1,false
LGLPSRAR,0.82298103312764,frag: b ion,2,191.1487,328.0,31.513702,1,false
LGLPSRAR,0.82298103312764,frag: y ion,1,175.147,340.0,27.5364,1,false
LGLPSRAR,0.82298103312764,no id,0,136.0971,125,26.0286,1,false
LGLPSRAR,0.82298103312764,no id,0,136.0971,125,26.0286,1,false
LGLPSRAR,0.82298103312764,no id,0,219.1476,113,36.2091,1,false
