Peptide,E-value,Ion_type,charge,M_Z,Intensity,Mobility,Rank,PassMascotThreshold
ALDQLQR,1.59787449060872,frag: b ion,1,72.0939,209.0,23.7672,2,false
ALDQLQR,1.59787449060872,frag: b ion,1,185.192,149.0,34.3625,2,false
ALDQLQR,1.59787449060872,frag: b ion,2,93.0258,183.0,23.4594,2,false
ALDQLQR,1.59787449060872,frag: b ion,2,151.0328,142.0,24.9337,2,false
ALDQLQR,1.59787449060872,no id,0,151.0328,142,24.9337,2,false
ALDQLQR,1.59787449060872,no id,0,312.0395,132,27.6943,2,false
