Peptide,E-value,Ion_type,charge,M_Z,Intensity,Mobility,Rank,PassMascotThreshold
DSGPSPRSETAQDGQR,3.76177030355284,frag: a ion,1,175.1281,313.0,16.3421,2,false
DSGPSPRSETAQDGQR,3.76177030355284,frag: a ion,1,329.1905,302.0,29.5079,2,false
DSGPSPRSETAQDGQR,3.76177030355284,frag: y ion,1,175.1281,313.0,16.3421,2,false
DSGPSPRSETAQDGQR,3.76177030355284,frag: y ion - NH3,2,329.1905,302.0,29.5079,2,false
DSGPSPRSETAQDGQR,3.76177030355284,no id,0,546.8019,114,37.6462,2,false
DSGPSPRSETAQDGQR,3.76177030355284,no id,0,561.2806,113,28.6145,2,false
DSGPSPRSETAQDGQR,3.76177030355284,no id,0,731.3604,109,43.9488,2,false
DSGPSPRSETAQDGQR,3.76177030355284,no id,0,740.5582,106,25.9145,2,false
