Peptide,E-value,Ion_type,charge,M_Z,Intensity,Mobility,Rank,PassMascotThreshold
AAQDSFAAGWGVMVSHR,0.0203704207770572,frag: y ion,2,486.2462,62570.0,45.1,1,true
AAQDSFAAGWGVMVSHR,0.0203704207770572,frag: y ion,2,393.223,66230.0,54.9,1,true
AAQDSFAAGWGVMVSHR,0.0203704207770572,no id,0,488.23914,12541,63.1,1,true
AAQDSFAAGWGVMVSHR,0.0203704207770572,no id,0,528.26794,30065,48.1,1,true
AAQDSFAAGWGVMVSHR,0.0203704207770572,no id,0,740.3974,625982,67.5,1,true
AAQDSFAAGWGVMVSHR,0.0203704207770572,no id,0,740.9,478937,67.6,1,true
AAQDSFAAGWGVMVSHR,0.0203704207770572,no id,0,741.39984,226187,67.6,1,true
