Peptide,E-value,Ion_type,charge,M_Z,Intensity,Mobility,Rank,PassMascotThreshold
TNFDAFPDK,0.0186637969083467,frag: a ion,1,520.9179,37970.0,40.1,1,true
TNFDAFPDK,0.0186637969083467,frag: a ion,1,668.2971,21250.0,58.8,1,true
TNFDAFPDK,0.0186637969083467,no id,0,557.39417,26151,88.1,1,true
TNFDAFPDK,0.0186637969083467,no id,0,815.4974,19954,125.4,1,true
