Peptide,E-value,Ion_type,charge,M_Z,Intensity,Mobility,Rank,PassMascotThreshold
GYNAQEYYDR,0.0161435855682649,frag: b ion,2,413.1963,62120.0,38.7,1,true
GYNAQEYYDR,0.0161435855682649,frag: b ion,2,552.7624,100700.0,47.6,1,true
GYNAQEYYDR,0.0161435855682649,no id,0,390.2098,22275,52.1,1,true
GYNAQEYYDR,0.0161435855682649,no id,0,668.3915,28475,95.2,1,true
