Peptide,E-value,Ion_type,charge,M_Z,Intensity,Mobility,Rank,PassMascotThreshold
IGSEVYHNLK,0.0151356124843621,frag: b ion,2,393.70248,38090.0,37.0,1,true
IGSEVYHNLK,0.0151356124843621,frag: b ion,2,450.74246,26880.0,42.9,1,true
IGSEVYHNLK,0.0151356124843621,no id,0,476.24884,26011,43.3,1,true
IGSEVYHNLK,0.0151356124843621,no id,0,553.25146,47689,42.8,1,true
IGSEVYHNLK,0.0151356124843621,no id,0,610.81036,16002,54.4,1,true
