Peptide,E-value,Ion_type,charge,M_Z,Intensity,Mobility,Rank,PassMascotThreshold
ANELLINVK,0.0140604752412991,frag: a ion,1,513.2821,23210.0,45.5,1,true
ANELLINVK,0.0140604752412991,frag: a ion,1,626.63855,38910.0,55.9,1,true
ANELLINVK,0.0140604752412991,no id,0,612.8014,40342,54.8,1,true
ANELLINVK,0.0140604752412991,no id,0,746.684,25608,67.7,1,true
