Peptide,E-value,Ion_type,charge,M_Z,Intensity,Mobility,Rank,PassMascotThreshold
YAAELHLVHWNTK,2.62782896699688e-006,frag: b ion,1,435.1965,4702.0,72.8807,1,true
YAAELHLVHWNTK,2.62782896699688e-006,frag: b ion,1,548.2915,7684.0,87.3817,1,true
YAAELHLVHWNTK,2.62782896699688e-006,frag: b ion,1,685.3488,11190.0,102.3763,1,true
YAAELHLVHWNTK,2.62782896699688e-006,frag: b ion,1,798.4307,4306.0,116.2697,1,true
YAAELHLVHWNTK,2.62782896699688e-006,frag: b ion,1,897.503,4876.0,0.0,1,true
YAAELHLVHWNTK,2.62782896699688e-006,frag: b ion,1,1034.5627,8858.0,0.0,1,true
YAAELHLVHWNTK,2.62782896699688e-006,frag: y ion,1,1034.5627,8858.0,0.0,1,true
YAAELHLVHWNTK,2.62782896699688e-006,frag: y ion,1,897.503,4876.0,0.0,1,true
YAAELHLVHWNTK,2.62782896699688e-006,frag: y ion,1,784.4178,5702.0,112.5489,1,true
YAAELHLVHWNTK,2.62782896699688e-006,frag: y ion,1,685.3488,11190.0,102.3763,1,true
YAAELHLVHWNTK,2.62782896699688e-006,frag: y ion,1,548.2915,7684.0,87.3817,1,true
YAAELHLVHWNTK,2.62782896699688e-006,frag: y ion,1,362.211,4027.0,0.0,1,true
YAAELHLVHWNTK,2.62782896699688e-006,frag: y ion,1,248.1651,2904.0,49.2192,1,true
YAAELHLVHWNTK,2.62782896699688e-006,no id,0,248.1651,2904.0,49.2192,1,true
YAAELHLVHWNTK,2.62782896699688e-006,no id,0,362.2110,4027.0,64.212,1,true
YAAELHLVHWNTK,2.62782896699688e-006,no id,0,435.1965,4702.0,72.8807,1,true
YAAELHLVHWNTK,2.62782896699688e-006,no id,0,548.2915,7684.0,87.3817,1,true
YAAELHLVHWNTK,2.62782896699688e-006,no id,0,685.3488,11188.0,102.3763,1,true
YAAELHLVHWNTK,2.62782896699688e-006,no id,0,686.3543,4438.0,102.0234,1,true
YAAELHLVHWNTK,2.62782896699688e-006,no id,0,784.4178,5702.0,112.5489,1,true
YAAELHLVHWNTK,2.62782896699688e-006,no id,0,798.4307,4306.0,116.2697,1,true
YAAELHLVHWNTK,2.62782896699688e-006,no id,0,897.5030,4876.0,123.9791,1,true
YAAELHLVHWNTK,2.62782896699688e-006,no id,0,898.5060,4998.0,124.946,1,true
YAAELHLVHWNTK,2.62782896699688e-006,no id,0,1034.5628,8858.0,138.6305,1,true
YAAELHLVHWNTK,2.62782896699688e-006,no id,0,1035.5696,5692.0,138.8777,1,true
