Peptide,E-value,Ion_type,charge,M_Z,Intensity,Mobility,Rank,PassMascotThreshold
QSPVDIDTK,0.000229790725567255,frag: a ion,1,188.104,4466.0,0.0,1,true
QSPVDIDTK,0.000229790725567255,frag: a ion - NH3,1,367.2024,3239.0,80.5331,1,true
QSPVDIDTK,0.000229790725567255,frag: b ion,1,216.0998,13620.0,50.2543,1,true
QSPVDIDTK,0.000229790725567255,frag: b ion - NH3,1,395.19693,7552.0,0.0,1,true
QSPVDIDTK,0.000229790725567255,frag: b ion - NH3,1,510.2245,9186.0,94.5327,1,true
QSPVDIDTK,0.000229790725567255,frag: b ion - NH3,1,623.31,2837.0,0.0,1,true
QSPVDIDTK,0.000229790725567255,frag: y ion,1,787.4213,23930.0,142.4465,1,true
QSPVDIDTK,0.000229790725567255,frag: y ion,1,591.3012,17660.0,112.1099,1,true
QSPVDIDTK,0.000229790725567255,frag: y ion,1,476.277,9062.0,0.0,1,true
QSPVDIDTK,0.000229790725567255,frag: y ion,1,363.1895,11720.0,74.5212,1,true
QSPVDIDTK,0.000229790725567255,frag: y ion,1,248.1617,8442.0,57.5498,1,true
QSPVDIDTK,0.000229790725567255,no id,0,188.1040,4466.0,43.9263,1,true
QSPVDIDTK,0.000229790725567255,no id,0,216.0998,13616.0,50.2543,1,true
QSPVDIDTK,0.000229790725567255,no id,0,248.1617,8442.0,57.5498,1,true
QSPVDIDTK,0.000229790725567255,no id,0,363.1895,11724.0,74.5212,1,true
QSPVDIDTK,0.000229790725567255,no id,0,367.2024,3239.0,80.5331,1,true
QSPVDIDTK,0.000229790725567255,no id,0,395.1961,3012.0,81.5061,1,true
QSPVDIDTK,0.000229790725567255,no id,0,395.1975,4540.0,84.0493,1,true
QSPVDIDTK,0.000229790725567255,no id,0,476.2770,9062.0,100.1061,1,true
QSPVDIDTK,0.000229790725567255,no id,0,510.2245,9186.0,94.5327,1,true
QSPVDIDTK,0.000229790725567255,no id,0,591.3012,17662.0,112.1099,1,true
QSPVDIDTK,0.000229790725567255,no id,0,592.3087,4337.0,111.9681,1,true
QSPVDIDTK,0.000229790725567255,no id,0,623.3100,2837.0,116.7176,1,true
QSPVDIDTK,0.000229790725567255,no id,0,787.4213,23926.0,142.4465,1,true
QSPVDIDTK,0.000229790725567255,no id,0,788.4316,10544.0,141.6528,1,true
