Peptide,E-value,Ion_type,charge,M_Z,Intensity,Mobility,Rank,PassMascotThreshold
DFPIANGER,0.241999156586644,frag: a ion,1,235.10606,46800.0,0.0,1,false
DFPIANGER,0.241999156586644,frag: b ion,1,263.1019,13660.0,57.1861,1,false
DFPIANGER,0.241999156586644,frag: b ion,1,360.1553,10120.0,69.4634,1,false
DFPIANGER,0.241999156586644,frag: b ion,1,473.2396,2870.0,83.6142,1,false
DFPIANGER,0.241999156586644,frag: y ion,1,361.1791,8657.0,70.403,1,false
DFPIANGER,0.241999156586644,no id,0,70.0630,6189.0,34.2519,1,false
DFPIANGER,0.241999156586644,no id,0,115.0863,3002.0,39.9513,1,false
DFPIANGER,0.241999156586644,no id,0,183.1478,15607.0,48.7892,1,false
DFPIANGER,0.241999156586644,no id,0,211.1440,9695.0,55.3908,1,false
DFPIANGER,0.241999156586644,no id,0,235.0988,44737.0,55.2485,1,false
DFPIANGER,0.241999156586644,no id,0,235.2637,2061.0,54.9393,1,false
DFPIANGER,0.241999156586644,no id,0,236.1098,11275.0,54.9709,1,false
DFPIANGER,0.241999156586644,no id,0,263.1019,13657.0,57.1861,1,false
DFPIANGER,0.241999156586644,no id,0,264.1077,2483.0,57.1087,1,false
DFPIANGER,0.241999156586644,no id,0,282.1832,4117.0,66.2476,1,false
DFPIANGER,0.241999156586644,no id,0,360.1553,10121.0,69.4634,1,false
DFPIANGER,0.241999156586644,no id,0,361.1791,8657.0,70.403,1,false
DFPIANGER,0.241999156586644,no id,0,397.2113,2766.0,74.5983,1,false
DFPIANGER,0.241999156586644,no id,0,473.2396,2870.0,83.6142,1,false
