Peptide,E-value,Ion_type,charge,M_Z,Intensity,Mobility,Rank,PassMascotThreshold
VLPKDGSK,0.764116017305532,frag: a ion,1,72.0888,209.0,23.7672,2,false
VLPKDGSK,0.764116017305532,frag: a ion,1,185.1789,298.0,34.3625,2,false
VLPKDGSK,0.764116017305532,no id,0,72.0888,209.0,23.7672,2,false
VLPKDGSK,0.764116017305532,no id,0,86.1042,179.0,23.9007,2,false
VLPKDGSK,0.764116017305532,no id,0,93.0192,183.0,23.4594,2,false
VLPKDGSK,0.764116017305532,no id,0,109.0010,181.0,23.4586,2,false
VLPKDGSK,0.764116017305532,no id,0,151.0221,142.0,24.9337,2,false
VLPKDGSK,0.764116017305532,no id,0,185.1789,149.0,34.3625,2,false
VLPKDGSK,0.764116017305532,no id,0,210.0413,155.0,30.623,2,false
VLPKDGSK,0.764116017305532,no id,0,210.0413,155.0,30.623,2,false
VLPKDGSK,0.764116017305532,no id,0,185.1789,149.0,34.3625,2,false
VLPKDGSK,0.764116017305532,no id,0,151.0221,142.0,24.9337,2,false
