Peptide,E-value,Ion_type,charge,M_Z,Intensity,Mobility,Rank,PassMascotThreshold
RDVSVPSPR,0.0796284100770225,frag: a ion,1,343.165,6640.0,0.0,2,false
RDVSVPSPR,0.0796284100770225,frag: b ion,1,157.0987,3210.0,38.7652,2,false
RDVSVPSPR,0.0796284100770225,frag: b ion,1,272.1266,2893.0,61.5603,2,false
RDVSVPSPR,0.0796284100770225,frag: b ion,1,557.35175,4962.0,0.0,2,false
RDVSVPSPR,0.0796284100770225,frag: b ion,1,741.4282,4911.0,133.2093,2,false
RDVSVPSPR,0.0796284100770225,frag: y ion,1,856.4568,3944.0,146.1727,2,false
RDVSVPSPR,0.0796284100770225,frag: y ion,1,741.4282,4911.0,133.2093,2,false
RDVSVPSPR,0.0796284100770225,frag: y ion,1,272.1266,2893.0,61.5603,2,false
RDVSVPSPR,0.0796284100770225,no id,0,72.0799,5207.0,30.3505,2,false
RDVSVPSPR,0.0796284100770225,no id,0,157.0987,3210.0,38.7652,2,false
RDVSVPSPR,0.0796284100770225,no id,0,272.1266,2893.0,61.5603,2,false
RDVSVPSPR,0.0796284100770225,no id,0,275.1733,1968.0,61.1941,2,false
RDVSVPSPR,0.0796284100770225,no id,0,343.1650,6640.0,72.6117,2,false
RDVSVPSPR,0.0796284100770225,no id,0,440.1820,2540.0,85.2505,2,false
RDVSVPSPR,0.0796284100770225,no id,0,457.2073,9417.0,86.5106,2,false
RDVSVPSPR,0.0796284100770225,no id,0,556.3447,18836.0,113.6793,2,false
RDVSVPSPR,0.0796284100770225,no id,0,557.3511,2149.0,111.4796,2,false
RDVSVPSPR,0.0796284100770225,no id,0,557.3522,2813.0,114.0504,2,false
RDVSVPSPR,0.0796284100770225,no id,0,620.3030,5062.0,111.8882,2,false
RDVSVPSPR,0.0796284100770225,no id,0,670.3907,10540.0,123.7846,2,false
RDVSVPSPR,0.0796284100770225,no id,0,741.4282,4911.0,133.2093,2,false
RDVSVPSPR,0.0796284100770225,no id,0,856.4568,3944.0,146.1727,2,false
RDVSVPSPR,0.0796284100770225,no id,0,913.4767,7192.0,158.4809,2,false
RDVSVPSPR,0.0796284100770225,no id,0,913.4785,6676.0,155.0562,2,false
RDVSVPSPR,0.0796284100770225,no id,0,914.4848,4097.0,157.0734,2,false
