Peptide,E-value,Ion_type,charge,M_Z,Intensity,Mobility,Rank,PassMascotThreshold
HLHFTLVK,0.270640436456239,frag: a ion,1,110.0791,988.0,16.5917,1,false
HLHFTLVK,0.270640436456239,frag: a ion,1,223.1719,237.0,30.2478,1,false
HLHFTLVK,0.270640436456239,frag: b ion,1,251.14883,533.0,0.0,1,false
HLHFTLVK,0.270640436456239,frag: y ion,1,246.16551,373.0,0.0,1,false
HLHFTLVK,0.270640436456239,frag: y ion,1,147.1262,193.0,18.4732,1,false
HLHFTLVK,0.270640436456239,no id,0,72.0862,192.0,16.5116,1,false
HLHFTLVK,0.270640436456239,no id,0,86.1023,1178.0,16.825,1,false
HLHFTLVK,0.270640436456239,no id,0,93.0196,197.0,16.0574,1,false
HLHFTLVK,0.270640436456239,no id,0,108.9968,723.0,16.3031,1,false
HLHFTLVK,0.270640436456239,no id,0,110.0791,988.0,16.5917,1,false
HLHFTLVK,0.270640436456239,no id,0,122.0910,175.0,16.8318,1,false
HLHFTLVK,0.270640436456239,no id,0,129.1118,183.0,17.5141,1,false
HLHFTLVK,0.270640436456239,no id,0,136.0846,162.0,17.7522,1,false
HLHFTLVK,0.270640436456239,no id,0,140.9734,154.0,17.1883,1,false
HLHFTLVK,0.270640436456239,no id,0,147.1262,193.0,18.4732,1,false
HLHFTLVK,0.270640436456239,no id,0,151.0223,684.0,17.3647,1,false
HLHFTLVK,0.270640436456239,no id,0,175.1000,130.0,21.2715,1,false
HLHFTLVK,0.270640436456239,no id,0,175.1316,210.0,20.0326,1,false
HLHFTLVK,0.270640436456239,no id,0,218.1147,114.0,25.7227,1,false
HLHFTLVK,0.270640436456239,no id,0,223.1719,237.0,30.2478,1,false
HLHFTLVK,0.270640436456239,no id,0,246.1483,117.0,30.1075,1,false
HLHFTLVK,0.270640436456239,no id,0,246.1945,139.0,32.9096,1,false
HLHFTLVK,0.270640436456239,no id,0,251.1206,222.0,31.130898,1,false
HLHFTLVK,0.270640436456239,no id,0,251.1690,311.0,34.3718,1,false
HLHFTLVK,0.270640436456239,no id,0,272.1887,118.0,36.6035,1,false
HLHFTLVK,0.270640436456239,no id,0,284.0413,153.0,32.8921,1,false
HLHFTLVK,0.270640436456239,no id,0,402.2726,284.0,55.1217,1,false
HLHFTLVK,0.270640436456239,no id,0,497.2743,441.0,56.9259,1,false
HLHFTLVK,0.270640436456239,no id,0,272.1887,118.0,36.6035,1,false
HLHFTLVK,0.270640436456239,no id,0,246.1483,117.0,30.1075,1,false
HLHFTLVK,0.270640436456239,no id,0,218.1147,114.0,25.7227,1,false
HLHFTLVK,0.270640436456239,no id,0,499.2708,109.0,56.4474,1,false
