Peptide,E-value,Ion_type,charge,M_Z,Intensity,Mobility,Rank,PassMascotThreshold
HIATNAVLFFGR,0.488209372458277,frag: b ion,1,608.3674,4189.0,126.7022,1,false
HIATNAVLFFGR,0.488209372458277,frag: y ion,1,639.41534,8787.0,0.0,1,false
HIATNAVLFFGR,0.488209372458277,frag: y ion,1,526.325,6536.0,122.5993,1,false
HIATNAVLFFGR,0.488209372458277,no id,0,526.325,6536,122.5993,1,false
HIATNAVLFFGR,0.488209372458277,no id,0,608.3674,4189,126.7022,1,false
HIATNAVLFFGR,0.488209372458277,no id,0,639.4147,3831,139.9489,1,false
HIATNAVLFFGR,0.488209372458277,no id,0,639.4158,4956,137.3841,1,false
