Peptide,E-value,Ion_type,charge,M_Z,Intensity,Mobility,Rank,PassMascotThreshold
MHLMNREFR,2.94577347375566,frag: a ion,1,120.0837,5325.0,16.2063,2,false
MHLMNREFR,2.94577347375566,frag: a ion,1,257.134,483.0,19.2004,2,false
MHLMNREFR,2.94577347375566,frag: a ion,2,129.0705,1027.0,16.2114,2,false
MHLMNREFR,2.94577347375566,frag: a ion,2,186.0948,242.0,16.5995,2,false
MHLMNREFR,2.94577347375566,frag: y ion,1,322.196,947.0,29.3876,2,false
MHLMNREFR,2.94577347375566,frag: y ion,1,175.1239,2537.0,16.4103,2,false
MHLMNREFR,2.94577347375566,frag: y ion - NH3,1,305.1727,721.0,26.8026,2,false
MHLMNREFR,2.94577347375566,frag: y ion - NH3,1,158.0974,1477.0,16.2286,2,false
MHLMNREFR,2.94577347375566,frag: y ion - NH3,2,295.2043,220.0,28.0116,2,false
MHLMNREFR,2.94577347375566,no id,0,296.1437,104,23.8938,2,false
