Peptide,E-value,Ion_type,charge,M_Z,Intensity,Mobility,Rank,PassMascotThreshold
LLKELADIQQLQR,0.386148063345409,frag: a ion,2,320.3157,121.0,27.7183,1,false
LLKELADIQQLQR,0.386148063345409,frag: a ion,2,378.3166,121.0,34.9853,1,false
LLKELADIQQLQR,0.386148063345409,frag: b ion,2,513.3019,121.0,21.635,1,false
LLKELADIQQLQR,0.386148063345409,no id,0,607.4277,103,60.8909,1,false
LLKELADIQQLQR,0.386148063345409,no id,0,611.9317,103,32.0931,1,false
LLKELADIQQLQR,0.386148063345409,no id,0,647.1138,101,29.8625,1,false
