Peptide,E-value,Ion_type,charge,M_Z,Intensity,Mobility,Rank,PassMascotThreshold
DFPIANGER,0.106480898432718,frag: a ion,1,235.1587,16080.0,55.6762,1,false
DFPIANGER,0.106480898432718,frag: y ion,1,756.56866,11170.0,0.0,1,false
DFPIANGER,0.106480898432718,frag: y ion,1,659.4936,2351.0,134.0033,1,false
DFPIANGER,0.106480898432718,frag: y ion,1,546.3769,26440.0,110.236,1,false
DFPIANGER,0.106480898432718,frag: y ion,1,475.3316,6273.0,96.6576,1,false
DFPIANGER,0.106480898432718,frag: y ion,1,361.2593,24910.0,78.8634,1,false
DFPIANGER,0.106480898432718,frag: y ion,1,175.1594,2541.0,41.3357,1,false
DFPIANGER,0.106480898432718,frag: y ion,2,378.7862,6416.0,56.7712,1,false
DFPIANGER,0.106480898432718,frag: y ion - NH3,1,458.3038,4061.0,94.681,1,false
DFPIANGER,0.106480898432718,no id,0,183.3156,722,16.3647,1,false
