Peptide,E-value,Ion_type,charge,M_Z,Intensity,Mobility,Rank,PassMascotThreshold
VTGDSSLPSR,2.61982152964393,frag: b ion,1,547.3511,44090.0,86.8712,2,false
VTGDSSLPSR,2.61982152964393,frag: b ion,1,660.4674,30650.0,99.8968,2,false
VTGDSSLPSR,2.61982152964393,frag: b ion,1,757.549,33800.0,0.0,2,false
VTGDSSLPSR,2.61982152964393,frag: b ion,2,379.275,9703.0,53.6283,2,false
VTGDSSLPSR,2.61982152964393,frag: y ion,1,175.14568,7632.0,0.0,2,false
VTGDSSLPSR,2.61982152964393,frag: y ion,2,236.1669,5678.0,53.1932,2,false
VTGDSSLPSR,2.61982152964393,no id,0,183.3156,722,16.3647,2,false
