Peptide,E-value,Ion_type,charge,M_Z,Intensity,Mobility,Rank,PassMascotThreshold
REVSALTSR,8.53634004433214,frag: b ion,1,757.55743,8947.0,0.0,2,false
REVSALTSR,8.53634004433214,frag: b ion,2,236.168,5775.0,55.2945,2,false
REVSALTSR,8.53634004433214,frag: b ion,2,379.2767,10790.0,55.9395,2,false
REVSALTSR,8.53634004433214,frag: y ion,1,547.3604,32130.0,110.7948,2,false
REVSALTSR,8.53634004433214,frag: y ion,1,476.3133,9360.0,97.5459,2,false
REVSALTSR,8.53634004433214,frag: y ion,1,175.1594,2541.0,41.3357,2,false
REVSALTSR,8.53634004433214,frag: y ion - NH3,1,530.3474,4484.0,103.8692,2,false
REVSALTSR,8.53634004433214,frag: y ion - NH3,1,459.2915,2699.0,93.9006,2,false
REVSALTSR,8.53634004433214,no id,0,183.3156,722,16.3647,2,false
