Peptide,E-value,Ion_type,charge,M_Z,Intensity,Mobility,Rank,PassMascotThreshold
VFHQKEIELQR,0.38731846886795,frag: a ion,2,110.0469,652.0,16.2296,1,false
VFHQKEIELQR,0.38731846886795,frag: a ion,2,242.1913,652.0,31.778297,1,false
VFHQKEIELQR,0.38731846886795,no id,0,488.5545,104,26.3114,1,false
VFHQKEIELQR,0.38731846886795,no id,0,558.3455,104,46.6468,1,false
VFHQKEIELQR,0.38731846886795,no id,0,595.9804,102,34.9818,1,false
