Peptide,E-value,Ion_type,charge,M_Z,Intensity,Mobility,Rank,PassMascotThreshold
GRDEEGEGLR,0.418982513654482,frag: y ion,2,530.2743,157.0,41.3642,1,false
GRDEEGEGLR,0.418982513654482,frag: y ion,2,452.7773,157.0,37.0071,1,false
GRDEEGEGLR,0.418982513654482,frag: y ion,2,144.1444,157.0,18.8127,1,false
GRDEEGEGLR,0.418982513654482,no id,0,357.6888,101,26.3091,1,false
GRDEEGEGLR,0.418982513654482,no id,0,357.6888,101,26.3091,1,false
