Peptide,E-value,Ion_type,charge,M_Z,Intensity,Mobility,Rank,PassMascotThreshold
IESFHLYMMKK,2.10895933793464,frag: y ion,2,592.9895,121.0,35.1545,2,false
IESFHLYMMKK,2.10895933793464,frag: y ion,2,475.9071,121.0,27.371,2,false
IESFHLYMMKK,2.10895933793464,no id,0,488.5545,104,26.3114,2,false
IESFHLYMMKK,2.10895933793464,no id,0,558.3455,104,46.6468,2,false
IESFHLYMMKK,2.10895933793464,no id,0,595.9804,102,34.9818,2,false
