Peptide,E-value,Ion_type,charge,M_Z,Intensity,Mobility,Rank,PassMascotThreshold
HLQIIYEINQR,0.38731846886795,frag: y ion,1,1048.7563,1426.0,141.6637,2,false
HLQIIYEINQR,0.38731846886795,frag: y ion,1,175.1482,1440.0,20.0217,2,false
HLQIIYEINQR,0.38731846886795,no id,0,488.5545,104,26.3114,2,false
HLQIIYEINQR,0.38731846886795,no id,0,558.3455,104,46.6468,2,false
HLQIIYEINQR,0.38731846886795,no id,0,595.9804,102,34.9818,2,false
