Peptide,E-value,Ion_type,charge,M_Z,Intensity,Mobility,Rank,PassMascotThreshold
SLLAVGRESTHTR,0.645755637589636,frag: a ion,2,335.0385,116.0,37.9065,1,false
SLLAVGRESTHTR,0.645755637589636,frag: a ion,2,562.683,116.0,34.6753,1,false
SLLAVGRESTHTR,0.645755637589636,frag: y ion,2,472.1959,116.0,25.2333,1,false
SLLAVGRESTHTR,0.645755637589636,no id,0,488.5545,104,26.3114,1,false
SLLAVGRESTHTR,0.645755637589636,no id,0,558.3455,104,46.6468,1,false
SLLAVGRESTHTR,0.645755637589636,no id,0,595.9804,102,34.9818,1,false
