Peptide,E-value,Ion_type,charge,M_Z,Intensity,Mobility,Rank,PassMascotThreshold
ANPLLMAERGGAVK,0.40744426227667,frag: a ion,1,255.1507,241.0,29.8957,2,false
ANPLLMAERGGAVK,0.40744426227667,frag: b ion,2,255.1507,241.0,29.8957,2,false
ANPLLMAERGGAVK,0.40744426227667,frag: b ion,2,555.8407,241.0,44.3511,2,false
ANPLLMAERGGAVK,0.40744426227667,no id,0,488.5545,104,26.3114,2,false
ANPLLMAERGGAVK,0.40744426227667,no id,0,558.3455,104,46.6468,2,false
ANPLLMAERGGAVK,0.40744426227667,no id,0,595.9804,102,34.9818,2,false
