Peptide,E-value,Ion_type,charge,M_Z,Intensity,Mobility,Rank,PassMascotThreshold
IIRTDSVEGK,2.73020902512245,frag: a ion,2,228.933,188.0,30.9791,1,false
IIRTDSVEGK,2.73020902512245,frag: a ion,2,286.1863,188.0,36.0074,1,false
IIRTDSVEGK,2.73020902512245,frag: y ion,2,446.2323,188.0,23.9004,1,false
IIRTDSVEGK,2.73020902512245,no id,0,357.6888,101,26.3091,1,false
IIRTDSVEGK,2.73020902512245,no id,0,357.6888,101,26.3091,1,false
