Peptide,E-value,Ion_type,charge,M_Z,Intensity,Mobility,Rank,PassMascotThreshold
FADQLPSGHALDR,8.39591834837534,frag: y ion,1,668.7293,163.0,42.1551,1,false
FADQLPSGHALDR,8.39591834837534,frag: y ion,1,474.3576,163.0,67.2025,1,false
FADQLPSGHALDR,8.39591834837534,frag: y ion - NH3,2,474.3576,163.0,67.2025,1,false
FADQLPSGHALDR,8.39591834837534,no id,0,488.5545,104,26.3114,1,false
FADQLPSGHALDR,8.39591834837534,no id,0,558.3455,104,46.6468,1,false
FADQLPSGHALDR,8.39591834837534,no id,0,595.9804,102,34.9818,1,false
