Peptide,E-value,Ion_type,charge,M_Z,Intensity,Mobility,Rank,PassMascotThreshold
LPLLQAFCR,0.497961650735513,frag: b ion,2,282.9775,244.0,32.4758,1,false
LPLLQAFCR,0.497961650735513,frag: b ion,2,318.2276,243.0,42.0079,1,false
LPLLQAFCR,0.497961650735513,frag: y ion - NH3,1,318.2276,243.0,42.0079,1,false
LPLLQAFCR,0.497961650735513,no id,0,357.6888,101,26.3091,1,false
LPLLQAFCR,0.497961650735513,no id,0,357.6888,101,26.3091,1,false
