Peptide,E-value,Ion_type,charge,M_Z,Intensity,Mobility,Rank,PassMascotThreshold
ENPQIQKALTER,0.579519703384129,frag: y ion,1,717.4806,175.0,88.1094,1,false
ENPQIQKALTER,0.579519703384129,frag: y ion,1,589.6469,178.0,34.815,1,false
ENPQIQKALTER,0.579519703384129,no id,0,488.5545,104,26.3114,1,false
ENPQIQKALTER,0.579519703384129,no id,0,558.3455,104,46.6468,1,false
ENPQIQKALTER,0.579519703384129,no id,0,595.9804,102,34.9818,1,false
