Peptide,E-value,Ion_type,charge,M_Z,Intensity,Mobility,Rank,PassMascotThreshold
KAEEVSAVER,0.497961650735513,frag: a ion,2,344.2505,246.0,50.5248,1,false
KAEEVSAVER,0.497961650735513,frag: y ion,1,660.3655,245.0,52.1679,1,false
KAEEVSAVER,0.497961650735513,frag: y ion,1,561.4121,245.0,81.1471,1,false
KAEEVSAVER,0.497961650735513,no id,0,357.6888,101,26.3091,1,false
KAEEVSAVER,0.497961650735513,no id,0,357.6888,101,26.3091,1,false
