Peptide,E-value,Ion_type,charge,M_Z,Intensity,Mobility,Rank,PassMascotThreshold
EGREVGGNATK,2.73020902512245,frag: a ion,2,300.1985,134.0,39.5158,1,false
EGREVGGNATK,2.73020902512245,frag: y ion,1,490.7331,134.0,35.9763,1,false
EGREVGGNATK,2.73020902512245,frag: y ion,1,318.9783,134.0,38.4276,1,false
EGREVGGNATK,2.73020902512245,no id,0,357.6888,101,26.3091,1,false
EGREVGGNATK,2.73020902512245,no id,0,357.6888,101,26.3091,1,false
