Peptide,E-value,Ion_type,charge,M_Z,Intensity,Mobility,Rank,PassMascotThreshold
CHLASPVAPYRR,0.38731846886795,frag: a ion,1,383.2271,195.0,49.1266,1,false
CHLASPVAPYRR,0.38731846886795,frag: b ion,2,383.2271,195.0,49.1266,1,false
CHLASPVAPYRR,0.38731846886795,frag: b ion,2,548.6451,195.0,32.3774,1,false
CHLASPVAPYRR,0.38731846886795,no id,0,488.5545,104,26.3114,1,false
CHLASPVAPYRR,0.38731846886795,no id,0,558.3455,104,46.6468,1,false
CHLASPVAPYRR,0.38731846886795,no id,0,595.9804,102,34.9818,1,false
