Peptide,E-value,Ion_type,charge,M_Z,Intensity,Mobility,Rank,PassMascotThreshold
RPTVEMTRK,0.497961650735513,frag: y ion,2,481.7538,238.0,36.1677,2,false
RPTVEMTRK,0.497961650735513,frag: y ion,2,382.3094,238.0,54.6723,2,false
RPTVEMTRK,0.497961650735513,no id,0,357.6888,101,26.3091,2,false
RPTVEMTRK,0.497961650735513,no id,0,357.6888,101,26.3091,2,false
