Peptide,E-value,Ion_type,charge,M_Z,Intensity,Mobility,Rank,PassMascotThreshold
EPPEPAASRGMER,1.26493499107892,frag: b ion - NH3,2,487.7676,415.0,36.725,1,false
EPPEPAASRGMER,1.26493499107892,frag: y ion,2,487.7676,415.0,36.725,1,false
EPPEPAASRGMER,1.26493499107892,frag: y ion,2,403.7049,415.0,29.1735,1,false
EPPEPAASRGMER,1.26493499107892,no id,0,488.5545,104,26.3114,1,false
EPPEPAASRGMER,1.26493499107892,no id,0,558.3455,104,46.6468,1,false
EPPEPAASRGMER,1.26493499107892,no id,0,595.9804,102,34.9818,1,false
