Peptide,E-value,Ion_type,charge,M_Z,Intensity,Mobility,Rank,PassMascotThreshold
RDMQVSDTMVTK,0.38731846886795,frag: a ion,1,503.3429,223.0,40.6045,1,false
RDMQVSDTMVTK,0.38731846886795,frag: a ion,1,688.9044,223.0,56.9947,1,false
RDMQVSDTMVTK,0.38731846886795,frag: b ion,1,531.3952,223.0,73.5804,1,false
RDMQVSDTMVTK,0.38731846886795,frag: b ion - NH3,1,514.3056,223.0,40.3556,1,false
RDMQVSDTMVTK,0.38731846886795,no id,0,488.5545,104,26.3114,1,false
RDMQVSDTMVTK,0.38731846886795,no id,0,558.3455,104,46.6468,1,false
RDMQVSDTMVTK,0.38731846886795,no id,0,595.9804,102,34.9818,1,false
