Peptide,E-value,Ion_type,charge,M_Z,Intensity,Mobility,Rank,PassMascotThreshold
ADDEGAALEAR,18.8884316066211,frag: a ion,1,459.8824,136.0,25.7091,2,false
ADDEGAALEAR,18.8884316066211,frag: a ion,2,422.6686,137.0,29.3214,2,false
ADDEGAALEAR,18.8884316066211,frag: b ion,1,431.2539,136.0,56.2023,2,false
ADDEGAALEAR,18.8884316066211,frag: b ion,1,630.4395,136.0,80.9391,2,false
ADDEGAALEAR,18.8884316066211,frag: y ion,1,630.4395,136.0,80.9391,2,false
ADDEGAALEAR,18.8884316066211,no id,0,357.6888,101,26.3091,2,false
ADDEGAALEAR,18.8884316066211,no id,0,357.6888,101,26.3091,2,false
