Peptide,E-value,Ion_type,charge,M_Z,Intensity,Mobility,Rank,PassMascotThreshold
IAASSDQMR,4.3869963133559,frag: a ion,1,86.1084,1178.0,16.825,2,false
IAASSDQMR,4.3869963133559,frag: a ion,1,402.301,284.0,55.1217,2,false
IAASSDQMR,4.3869963133559,frag: b ion,2,93.0262,197.0,16.0574,2,false
IAASSDQMR,4.3869963133559,frag: b ion - NH3,2,402.301,284.0,55.1217,2,false
IAASSDQMR,4.3869963133559,frag: y ion,1,175.13191,340.0,0.0,2,false
IAASSDQMR,4.3869963133559,no id,0,218.1301,114,25.7227,2,false
IAASSDQMR,4.3869963133559,no id,0,499.306,109,56.4474,2,false
