Peptide,E-value,Ion_type,charge,M_Z,Intensity,Mobility,Rank,PassMascotThreshold
VHINPNSLFDVQVK,0.0878859811809224,frag: b ion,1,237.1502,4543.0,30.3308,1,false
VHINPNSLFDVQVK,0.0878859811809224,frag: b ion,1,350.2436,1399.0,47.193,1,false
VHINPNSLFDVQVK,0.0878859811809224,frag: b ion,1,464.294,656.0,63.7594,1,false
VHINPNSLFDVQVK,0.0878859811809224,frag: b ion - NH3,2,272.9185,119.0,24.531,1,false
VHINPNSLFDVQVK,0.0878859811809224,frag: y ion,1,473.3409,533.0,68.3158,1,false
VHINPNSLFDVQVK,0.0878859811809224,frag: y ion,1,374.2646,418.0,50.783,1,false
VHINPNSLFDVQVK,0.0878859811809224,frag: y ion,1,246.1977,462.0,33.0556,1,false
VHINPNSLFDVQVK,0.0878859811809224,frag: y ion,2,573.8435,196.0,48.1592,1,false
VHINPNSLFDVQVK,0.0878859811809224,frag: y ion,2,237.1502,4543.0,30.3308,1,false
VHINPNSLFDVQVK,0.0878859811809224,frag: y ion - NH3,1,357.2375,329.0,47.1028,1,false
VHINPNSLFDVQVK,0.0878859811809224,frag: y ion - NH3,2,228.1496,268.0,27.9932,1,false
VHINPNSLFDVQVK,0.0878859811809224,no id,0,574.3432,104,47.9427,1,false
