Peptide,E-value,Ion_type,charge,M_Z,Intensity,Mobility,Rank,PassMascotThreshold
GLLKALVR,1.60099444977909,frag: b ion,2,86.112,350.0,24.1726,2,false
GLLKALVR,1.60099444977909,frag: b ion,2,207.017,163.0,35.2588,2,false
GLLKALVR,1.60099444977909,frag: y ion,1,175.147,340.0,27.5364,2,false
GLLKALVR,1.60099444977909,no id,0,136.0971,125,26.0286,2,false
GLLKALVR,1.60099444977909,no id,0,136.0971,125,26.0286,2,false
GLLKALVR,1.60099444977909,no id,0,219.1476,113,36.2091,2,false
