Peptide,E-value,Ion_type,charge,M_Z,Intensity,Mobility,Rank,PassMascotThreshold
RALNECR,0.561034774385081,frag: a ion,1,129.1213,170.0,17.9327,2,false
RALNECR,0.561034774385081,frag: a ion,1,427.2664,169.0,54.8155,2,false
RALNECR,0.561034774385081,no id,0,73.0406,126,16.211,2,false
RALNECR,0.561034774385081,no id,0,214.1452,116,24.3507,2,false
