Peptide,E-value,Ion_type,charge,M_Z,Intensity,Mobility,Rank,PassMascotThreshold
FEELDGLKNLTRPR,5.16883029743718,frag: a ion,2,246.1633,255.0,19.052,1,false
FEELDGLKNLTRPR,5.16883029743718,frag: a ion,2,566.6911,249.0,42.9719,1,false
FEELDGLKNLTRPR,5.16883029743718,no id,0,546.8019,114,37.6462,1,false
FEELDGLKNLTRPR,5.16883029743718,no id,0,561.2806,113,28.6145,1,false
FEELDGLKNLTRPR,5.16883029743718,no id,0,731.3604,109,43.9488,1,false
FEELDGLKNLTRPR,5.16883029743718,no id,0,740.5582,106,25.9145,1,false
