Peptide,E-value,Ion_type,charge,M_Z,Intensity,Mobility,Rank,PassMascotThreshold
VETTEMATPPRASAAR,0.433902621180766,frag: a ion,2,266.9258,377.0,20.185,2,false
VETTEMATPPRASAAR,0.433902621180766,frag: a ion,2,466.8079,367.0,32.3561,2,false
VETTEMATPPRASAAR,0.433902621180766,no id,0,546.8019,114,37.6462,2,false
VETTEMATPPRASAAR,0.433902621180766,no id,0,561.2806,113,28.6145,2,false
VETTEMATPPRASAAR,0.433902621180766,no id,0,731.3604,109,43.9488,2,false
VETTEMATPPRASAAR,0.433902621180766,no id,0,740.5582,106,25.9145,2,false
