Peptide,E-value,Ion_type,charge,M_Z,Intensity,Mobility,Rank,PassMascotThreshold
ACSHISREAPPLPPR,8.21092856304752,frag: a ion - NH3,2,448.7495,116.0,31.970299,1,false
ACSHISREAPPLPPR,8.21092856304752,frag: b ion,2,328.8174,116.0,23.1322,1,false
ACSHISREAPPLPPR,8.21092856304752,frag: b ion,2,708.6651,115.0,53.9255,1,false
ACSHISREAPPLPPR,8.21092856304752,no id,0,546.8019,114,37.6462,1,false
ACSHISREAPPLPPR,8.21092856304752,no id,0,561.2806,113,28.6145,1,false
ACSHISREAPPLPPR,8.21092856304752,no id,0,731.3604,109,43.9488,1,false
ACSHISREAPPLPPR,8.21092856304752,no id,0,740.5582,106,25.9145,1,false
