Peptide,E-value,Ion_type,charge,M_Z,Intensity,Mobility,Rank,PassMascotThreshold
FFEAATRLTIPEHR,0.433902621180766,frag: a ion,1,266.9258,377.0,20.185,1,false
FFEAATRLTIPEHR,0.433902621180766,frag: a ion,1,466.8079,367.0,32.3561,1,false
FFEAATRLTIPEHR,0.433902621180766,no id,0,546.8019,114,37.6462,1,false
FFEAATRLTIPEHR,0.433902621180766,no id,0,561.2806,113,28.6145,1,false
FFEAATRLTIPEHR,0.433902621180766,no id,0,731.3604,109,43.9488,1,false
FFEAATRLTIPEHR,0.433902621180766,no id,0,740.5582,106,25.9145,1,false
