Peptide,E-value,Ion_type,charge,M_Z,Intensity,Mobility,Rank,PassMascotThreshold
LEDSWVNDRQNLAK,1.0242176926172,frag: a ion,1,86.0988,2977.0,16.2235,2,false
LEDSWVNDRQNLAK,1.0242176926172,frag: a ion,1,214.9223,8522.0,17.4535,2,false
LEDSWVNDRQNLAK,1.0242176926172,frag: a ion,2,209.00485,293.0,0.0,2,false
LEDSWVNDRQNLAK,1.0242176926172,frag: y ion - NH3,2,214.9223,8522.0,17.4535,2,false
LEDSWVNDRQNLAK,1.0242176926172,no id,0,546.8019,114,37.6462,2,false
LEDSWVNDRQNLAK,1.0242176926172,no id,0,561.2806,113,28.6145,2,false
LEDSWVNDRQNLAK,1.0242176926172,no id,0,731.3604,109,43.9488,2,false
LEDSWVNDRQNLAK,1.0242176926172,no id,0,740.5582,106,25.9145,2,false
