Peptide,E-value,Ion_type,charge,M_Z,Intensity,Mobility,Rank,PassMascotThreshold
NLLQDIEARLEAFR,0.433902621180766,frag: b ion,1,468.8113,138.0,31.845299,1,false
NLLQDIEARLEAFR,0.433902621180766,frag: b ion,1,826.6095,136.0,63.033295,1,false
NLLQDIEARLEAFR,0.433902621180766,no id,0,546.8019,114,37.6462,1,false
NLLQDIEARLEAFR,0.433902621180766,no id,0,561.2806,113,28.6145,1,false
NLLQDIEARLEAFR,0.433902621180766,no id,0,731.3604,109,43.9488,1,false
NLLQDIEARLEAFR,0.433902621180766,no id,0,740.5582,106,25.9145,1,false
