Peptide,E-value,Ion_type,charge,M_Z,Intensity,Mobility,Rank,PassMascotThreshold
LKAMIDFDSFEDEK,2.84048351847539,frag: y ion,2,688.6244,171.0,52.9334,2,false
LKAMIDFDSFEDEK,2.84048351847539,frag: y ion,2,508.8665,171.0,33.8435,2,false
LKAMIDFDSFEDEK,2.84048351847539,no id,0,546.8019,114,37.6462,2,false
LKAMIDFDSFEDEK,2.84048351847539,no id,0,561.2806,113,28.6145,2,false
LKAMIDFDSFEDEK,2.84048351847539,no id,0,731.3604,109,43.9488,2,false
LKAMIDFDSFEDEK,2.84048351847539,no id,0,740.5582,106,25.9145,2,false
