func,3D_ID,3D_m_z,3D_RetTime,3D_Mobility,3D_Intensity,3D_m_z_uncal,3D_TC,3D_omegaC,3D_z,3D_omegaD
1,1,526.3222,0.0,123.0497,3142,5.62296,7.94,-1.0,1,-1.0
1,2,608.363,0.0,125.0613,5098,9.11999,8.07,-1.0,1,-1.0
1,3,639.4144,0.0,138.3097,1193,1.17606,8.89,-1.0,1,-1.0
