func,3D_ID,3D_m_z,3D_RetTime,3D_Mobility,3D_Intensity,3D_m_z_uncal,3D_TC,3D_omegaC,3D_z,3D_omegaD
1,1,205.0441,0.0,56.861,9905,8.15982,2.56,-1.0,1,-1.0
1,2,324.2252,0.0,70.9962,6992,7.46261,3.18,-1.0,1,-1.0
1,3,385.2945,0.0,106.1203,2015,5.32554,4.81,-1.0,1,-1.0
