Peptide,E-value,Ion_type,charge,M_Z,Intensity,Mobility,Rank,PassMascotThreshold
LTEWTSSNVMEER,0.392740835158623,frag: y ion,1,1052.5482,4718.0,0.0,1,false
LTEWTSSNVMEER,0.392740835158623,frag: y ion,1,951.4857,4628.0,139.4743,1,false
LTEWTSSNVMEER,0.392740835158623,frag: y ion,2,684.3447,1577.0,85.254,1,false
LTEWTSSNVMEER,0.392740835158623,no id,0,684.3447,1577,85.254,1,false
LTEWTSSNVMEER,0.392740835158623,no id,0,782.4162,4122,92.5998,1,false
LTEWTSSNVMEER,0.392740835158623,no id,0,782.9115,2825,92.9968,1,false
LTEWTSSNVMEER,0.392740835158623,no id,0,790.9668,6011,97.0704,1,false
LTEWTSSNVMEER,0.392740835158623,no id,0,791.4009,31468,93.3321,1,false
LTEWTSSNVMEER,0.392740835158623,no id,0,791.9001,28146,93.0788,1,false
LTEWTSSNVMEER,0.392740835158623,no id,0,792.4122,18291,93.9216,1,false
LTEWTSSNVMEER,0.392740835158623,no id,0,951.4857,4628,139.4743,1,false
LTEWTSSNVMEER,0.392740835158623,no id,0,1052.5461,2916,148.1913,1,false
LTEWTSSNVMEER,0.392740835158623,no id,0,1052.5516,1802,145.5052,1,false
