Peptide,E-value,Ion_type,charge,M_Z,Intensity,Mobility,Rank,PassMascotThreshold
HIATNAVLFFGR,0.488209372458277,frag: b ion,1,608.363,5098.0,125.0613,1,false
HIATNAVLFFGR,0.488209372458277,frag: y ion,1,639.4144,1193.0,138.3097,1,false
HIATNAVLFFGR,0.488209372458277,frag: y ion,1,526.3222,3142.0,123.0497,1,false
HIATNAVLFFGR,0.488209372458277,no id,0,526.3222,3142,123.0497,1,false
HIATNAVLFFGR,0.488209372458277,no id,0,608.363,5098,125.0613,1,false
HIATNAVLFFGR,0.488209372458277,no id,0,639.4144,1193,138.3097,1,false
