Peptide,E-value,Ion_type,charge,M_Z,Intensity,Mobility,Rank,PassMascotThreshold
AAARPPTASRTGGNVR,2.37195289094185,frag: a ion,1,951.4857,4628.0,139.4743,2,false
AAARPPTASRTGGNVR,2.37195289094185,frag: a ion,1,1052.5482,4718.0,0.0,2,false
AAARPPTASRTGGNVR,2.37195289094185,no id,0,791.4171,5004,92.8345,2,false
AAARPPTASRTGGNVR,2.37195289094185,no id,0,791.9196,5267,93.1925,2,false
AAARPPTASRTGGNVR,2.37195289094185,no id,0,951.4917,4464,139.9791,2,false
AAARPPTASRTGGNVR,2.37195289094185,no id,0,1052.5494,4677,147.4499,2,false
