Peptide,E-value,Ion_type,charge,M_Z,Intensity,Mobility,Rank,PassMascotThreshold
GGTHAPVHAR,13.7180652565282,frag: a ion,1,188.1252,4466.0,43.9263,2,false
GGTHAPVHAR,13.7180652565282,frag: a ion,1,492.7887,49870.0,66.8018,2,false
GGTHAPVHAR,13.7180652565282,frag: a ion,1,592.3756,4337.0,111.9681,2,false
GGTHAPVHAR,13.7180652565282,frag: b ion,1,216.1242,13620.0,50.2543,2,false
GGTHAPVHAR,13.7180652565282,frag: y ion,1,787.5102,23930.0,142.4465,2,false
GGTHAPVHAR,13.7180652565282,frag: y ion,2,394.2496,25720.0,58.7825,2,false
GGTHAPVHAR,13.7180652565282,no id,0,501.7777,2906,69.3804,2,false
GGTHAPVHAR,13.7180652565282,no id,0,501.783,1763,65.6217,2,false
