Peptide,E-value,Ion_type,charge,M_Z,Intensity,Mobility,Rank,PassMascotThreshold
MPVSLPTAR,2.42909350914771,frag: b ion,1,132.0618,225.0,24.7279,2,false
MPVSLPTAR,2.42909350914771,frag: b ion,2,115.0614,227.0,23.8623,2,false
MPVSLPTAR,2.42909350914771,frag: b ion,2,313.1182,220.0,73.0212,2,false
MPVSLPTAR,2.42909350914771,frag: y ion - NH3,2,115.0614,227.0,23.8623,2,false
MPVSLPTAR,2.42909350914771,no id,0,242.0954,105,53.9967,2,false
