Peptide,E-value,Ion_type,charge,M_Z,Intensity,Mobility,Rank,PassMascotThreshold
VEQLMCLYCFSAHLRR,2.99679535551361,frag: a ion,1,72.0657,1041.0,15.8524,2,false
VEQLMCLYCFSAHLRR,2.99679535551361,frag: a ion - NH3,2,773.4522,4181.0,81.0456,2,false
VEQLMCLYCFSAHLRR,2.99679535551361,frag: y ion,2,370.2172,1736.0,18.0256,2,false
VEQLMCLYCFSAHLRR,2.99679535551361,frag: y ion,2,326.6922,998.0,17.0669,2,false
VEQLMCLYCFSAHLRR,2.99679535551361,frag: y ion - NH3,1,869.5189,4309.0,54.216,2,false
VEQLMCLYCFSAHLRR,2.99679535551361,frag: y ion - NH3,1,158.1281,3798.0,16.1813,2,false
VEQLMCLYCFSAHLRR,2.99679535551361,no id,0,477.3381,3019,79.6674,2,false
VEQLMCLYCFSAHLRR,2.99679535551361,no id,0,935.5832,2480,89.53,2,false
VEQLMCLYCFSAHLRR,2.99679535551361,no id,0,1050.1699,2456,98.0935,2,false
VEQLMCLYCFSAHLRR,2.99679535551361,no id,0,1050.6558,7272,98.2273,2,false
VEQLMCLYCFSAHLRR,2.99679535551361,no id,0,1051.1559,6471,97.9883,2,false
VEQLMCLYCFSAHLRR,2.99679535551361,no id,0,1051.6643,2665,97.4913,2,false
