Peptide,E-value,Ion_type,charge,M_Z,Intensity,Mobility,Rank,PassMascotThreshold
NWSDLPRLLAAVAR,20.0496160042994,frag: a ion,1,685.4862,11760.0,101.0378,2,false
NWSDLPRLLAAVAR,20.0496160042994,frag: b ion,2,435.2841,4487.0,75.6567,2,false
NWSDLPRLLAAVAR,20.0496160042994,frag: b ion,2,548.4026,6727.0,88.0493,2,false
NWSDLPRLLAAVAR,20.0496160042994,frag: y ion,2,435.2841,4487.0,75.6567,2,false
NWSDLPRLLAAVAR,20.0496160042994,frag: y ion - NH3,2,235.1648,3510.0,53.6104,2,false
NWSDLPRLLAAVAR,20.0496160042994,no id,0,207.1609,1305,50.0034,2,false
NWSDLPRLLAAVAR,20.0496160042994,no id,0,235.1648,3510,53.6104,2,false
NWSDLPRLLAAVAR,20.0496160042994,no id,0,306.2171,3345,65.9589,2,false
NWSDLPRLLAAVAR,20.0496160042994,no id,0,362.2852,3943,67.9864,2,false
NWSDLPRLLAAVAR,20.0496160042994,no id,0,435.2841,4487,75.6567,2,false
NWSDLPRLLAAVAR,20.0496160042994,no id,0,517.8886,3269,66.7822,2,false
NWSDLPRLLAAVAR,20.0496160042994,no id,0,518.3927,2397,66.7041,2,false
NWSDLPRLLAAVAR,20.0496160042994,no id,0,548.4026,6727,88.0493,2,false
NWSDLPRLLAAVAR,20.0496160042994,no id,0,574.4469,1608,71.9244,2,false
NWSDLPRLLAAVAR,20.0496160042994,no id,0,674.5077,3085,77.4811,2,false
NWSDLPRLLAAVAR,20.0496160042994,no id,0,675.0099,2845,77.5854,2,false
NWSDLPRLLAAVAR,20.0496160042994,no id,0,685.4862,11760,101.0378,2,false
NWSDLPRLLAAVAR,20.0496160042994,no id,0,686.4949,5589,100.9893,2,false
NWSDLPRLLAAVAR,20.0496160042994,no id,0,710.0337,2973,82.2669,2,false
NWSDLPRLLAAVAR,20.0496160042994,no id,0,710.5383,2814,82.3167,2,false
NWSDLPRLLAAVAR,20.0496160042994,no id,0,784.5835,4962,109.6697,2,false
NWSDLPRLLAAVAR,20.0496160042994,no id,0,791.5768,9244,88.5464,2,false
NWSDLPRLLAAVAR,20.0496160042994,no id,0,792.0741,10041,88.2368,2,false
NWSDLPRLLAAVAR,20.0496160042994,no id,0,792.5842,5965,88.5194,2,false
NWSDLPRLLAAVAR,20.0496160042994,no id,0,798.5885,4306,113.1013,2,false
NWSDLPRLLAAVAR,20.0496160042994,no id,0,897.6882,8353,119.4502,2,false
NWSDLPRLLAAVAR,20.0496160042994,no id,0,898.6944,4969,119.853,2,false
NWSDLPRLLAAVAR,20.0496160042994,no id,0,1034.7766,8288,130.4411,2,false
NWSDLPRLLAAVAR,20.0496160042994,no id,0,1035.7793,5624,130.8228,2,false
