Peptide,E-value,Ion_type,charge,M_Z,Intensity,Mobility,Rank,PassMascotThreshold
TVATFTVGDASDSR,4.44701102703365,frag: a ion,2,432.7388,257.0,34.3045,1,false
TVATFTVGDASDSR,4.44701102703365,frag: b ion,1,201.1575,259.0,24.4585,1,false
TVATFTVGDASDSR,4.44701102703365,frag: b ion,1,519.9329,254.0,29.7683,1,false
TVATFTVGDASDSR,4.44701102703365,no id,0,488.5545,104,26.3114,1,false
TVATFTVGDASDSR,4.44701102703365,no id,0,558.3455,104,46.6468,1,false
TVATFTVGDASDSR,4.44701102703365,no id,0,595.9804,102,34.9818,1,false
