Peptide,E-value,Ion_type,charge,M_Z,Intensity,Mobility,Rank,PassMascotThreshold
AFAVCCEEERR,1.0991784528672,frag: b ion,2,110.0896,5983.0,16.5446,1,false
AFAVCCEEERR,1.0991784528672,frag: b ion,2,195.0286,3471.0,24.3203,1,false
AFAVCCEEERR,1.0991784528672,no id,0,488.5545,104,26.3114,1,false
AFAVCCEEERR,1.0991784528672,no id,0,558.3455,104,46.6468,1,false
AFAVCCEEERR,1.0991784528672,no id,0,595.9804,102,34.9818,1,false
