Peptide,E-value,Ion_type,charge,M_Z,Intensity,Mobility,Rank,PassMascotThreshold
LLDGVGVVQSRQR,1.84106111911168,frag: a ion,1,199.2161,152.0,27.635,1,false
LLDGVGVVQSRQR,1.84106111911168,frag: a ion,1,625.9044,152.0,53.0425,1,false
LLDGVGVVQSRQR,1.84106111911168,frag: y ion,2,542.9463,152.0,31.0257,1,false
LLDGVGVVQSRQR,1.84106111911168,no id,0,488.5545,104,26.3114,1,false
LLDGVGVVQSRQR,1.84106111911168,no id,0,558.3455,104,46.6468,1,false
LLDGVGVVQSRQR,1.84106111911168,no id,0,595.9804,102,34.9818,1,false
