Peptide,E-value,Ion_type,charge,M_Z,Intensity,Mobility,Rank,PassMascotThreshold
MFDASSVPRCTR,8.39591834837534,frag: a ion,2,481.7655,110.0,36.2502,1,false
MFDASSVPRCTR,8.39591834837534,frag: b ion - NH3,2,567.8133,110.0,45.1061,1,false
MFDASSVPRCTR,8.39591834837534,frag: y ion,2,574.2888,110.0,33.5828,1,false
MFDASSVPRCTR,8.39591834837534,frag: y ion,2,481.7655,110.0,36.2502,1,false
MFDASSVPRCTR,8.39591834837534,no id,0,488.5545,104,26.3114,1,false
MFDASSVPRCTR,8.39591834837534,no id,0,558.3455,104,46.6468,1,false
MFDASSVPRCTR,8.39591834837534,no id,0,595.9804,102,34.9818,1,false
