Peptide,E-value,Ion_type,charge,M_Z,Intensity,Mobility,Rank,PassMascotThreshold
ETILSWLKK,0.497961650735513,frag: y ion,2,444.3734,404.0,69.0589,1,false
ETILSWLKK,0.497961650735513,frag: y ion,2,287.2029,410.0,24.6252,1,false
ETILSWLKK,0.497961650735513,no id,0,357.6888,101,26.3091,1,false
ETILSWLKK,0.497961650735513,no id,0,357.6888,101,26.3091,1,false
