Peptide,E-value,Ion_type,charge,M_Z,Intensity,Mobility,Rank,PassMascotThreshold
NLYAVPERR,0.497961650735513,frag: b ion,1,228.1816,791.0,27.6827,1,false
NLYAVPERR,0.497961650735513,frag: b ion,1,561.3484,782.0,72.7189,1,false
NLYAVPERR,0.497961650735513,no id,0,357.6888,101,26.3091,1,false
NLYAVPERR,0.497961650735513,no id,0,357.6888,101,26.3091,1,false
