Peptide,E-value,Ion_type,charge,M_Z,Intensity,Mobility,Rank,PassMascotThreshold
FLYLVKFNNIR,0.38731846886795,frag: a ion,2,255.1507,241.0,29.8957,1,false
FLYLVKFNNIR,0.38731846886795,frag: a ion,2,555.8407,241.0,44.3511,1,false
FLYLVKFNNIR,0.38731846886795,no id,0,488.5545,104,26.3114,1,false
FLYLVKFNNIR,0.38731846886795,no id,0,558.3455,104,46.6468,1,false
FLYLVKFNNIR,0.38731846886795,no id,0,595.9804,102,34.9818,1,false
