Peptide,E-value,Ion_type,charge,M_Z,Intensity,Mobility,Rank,PassMascotThreshold
DLKPENILLTDR,0.774583437293551,frag: y ion,2,655.8895,137.0,52.9419,1,false
DLKPENILLTDR,0.774583437293551,frag: y ion,2,535.9614,137.0,31.3726,1,false
DLKPENILLTDR,0.774583437293551,no id,0,488.5545,104,26.3114,1,false
DLKPENILLTDR,0.774583437293551,no id,0,558.3455,104,46.6468,1,false
DLKPENILLTDR,0.774583437293551,no id,0,595.9804,102,34.9818,1,false
