Peptide,E-value,Ion_type,charge,M_Z,Intensity,Mobility,Rank,PassMascotThreshold
CYSTLRASVEIK,8.03652326614048,frag: b ion,2,206.164,115.0,28.2987,2,false
CYSTLRASVEIK,8.03652326614048,frag: b ion,2,519.3644,114.0,70.2672,2,false
CYSTLRASVEIK,8.03652326614048,frag: y ion,2,508.9407,114.0,32.0545,2,false
CYSTLRASVEIK,8.03652326614048,no id,0,488.5545,104,26.3114,2,false
CYSTLRASVEIK,8.03652326614048,no id,0,558.3455,104,46.6468,2,false
CYSTLRASVEIK,8.03652326614048,no id,0,595.9804,102,34.9818,2,false
