Peptide,E-value,Ion_type,charge,M_Z,Intensity,Mobility,Rank,PassMascotThreshold
AMLRYMNLGDSR,0.580855634271263,frag: a ion,2,612.337,251.0,48.201,1,false
AMLRYMNLGDSR,0.580855634271263,frag: y ion,2,612.337,251.0,48.201,1,false
AMLRYMNLGDSR,0.580855634271263,frag: y ion,2,477.798,251.0,38.1564,1,false
AMLRYMNLGDSR,0.580855634271263,no id,0,488.5545,104,26.3114,1,false
AMLRYMNLGDSR,0.580855634271263,no id,0,558.3455,104,46.6468,1,false
AMLRYMNLGDSR,0.580855634271263,no id,0,595.9804,102,34.9818,1,false
