Peptide,E-value,Ion_type,charge,M_Z,Intensity,Mobility,Rank,PassMascotThreshold
MYDDKEEELVR,1.26785096738642,frag: b ion,2,206.0639,126.0,23.8313,1,false
MYDDKEEELVR,1.26785096738642,frag: b ion,2,577.4878,126.0,91.5733,1,false
MYDDKEEELVR,1.26785096738642,no id,0,488.5545,104,26.3114,1,false
MYDDKEEELVR,1.26785096738642,no id,0,558.3455,104,46.6468,1,false
MYDDKEEELVR,1.26785096738642,no id,0,595.9804,102,34.9818,1,false
