Peptide,E-value,Ion_type,charge,M_Z,Intensity,Mobility,Rank,PassMascotThreshold
LLRQTFALR,0.497961650735513,frag: y ion,1,506.7847,191.0,39.9191,1,false
LLRQTFALR,0.497961650735513,frag: y ion,1,359.6797,191.0,24.3277,1,false
LLRQTFALR,0.497961650735513,frag: y ion - NH3,2,359.6797,191.0,24.3277,1,false
LLRQTFALR,0.497961650735513,no id,0,357.6888,101,26.3091,1,false
LLRQTFALR,0.497961650735513,no id,0,357.6888,101,26.3091,1,false
