Peptide,E-value,Ion_type,charge,M_Z,Intensity,Mobility,Rank,PassMascotThreshold
DMVNLAITPK,0.0449982783621034,frag: b ion - NH3,2,378.2367,654.0,50.9751,1,true
DMVNLAITPK,0.0449982783621034,frag: y ion,2,378.2367,654.0,50.9751,1,true
DMVNLAITPK,0.0449982783621034,frag: y ion,2,321.2602,664.0,47.5471,1,true
DMVNLAITPK,0.0449982783621034,frag: y ion,2,74.072,669.0,16.6189,1,true
DMVNLAITPK,0.0449982783621034,no id,0,357.6888,101,26.3091,1,true
DMVNLAITPK,0.0449982783621034,no id,0,357.6888,101,26.3091,1,true
