Peptide,E-value,Ion_type,charge,M_Z,Intensity,Mobility,Rank,PassMascotThreshold
GPHARATHRPGNR,2.11382099130518,frag: a ion,1,335.0385,116.0,37.9065,2,false
GPHARATHRPGNR,2.11382099130518,frag: a ion,1,562.683,116.0,34.6753,2,false
GPHARATHRPGNR,2.11382099130518,frag: y ion,1,599.3276,116.0,46.357,2,false
GPHARATHRPGNR,2.11382099130518,no id,0,488.5545,104,26.3114,2,false
GPHARATHRPGNR,2.11382099130518,no id,0,558.3455,104,46.6468,2,false
GPHARATHRPGNR,2.11382099130518,no id,0,595.9804,102,34.9818,2,false
