Peptide,E-value,Ion_type,charge,M_Z,Intensity,Mobility,Rank,PassMascotThreshold
APSASQKGPEETPK,5.82194644797147,frag: b ion - NH3,1,652.8863,119.0,52.4377,2,false
APSASQKGPEETPK,5.82194644797147,frag: y ion,2,586.0095,119.0,36.1944,2,false
APSASQKGPEETPK,5.82194644797147,frag: y ion,2,507.3145,119.0,40.4936,2,false
APSASQKGPEETPK,5.82194644797147,frag: y ion - NH3,1,586.0095,119.0,36.1944,2,false
APSASQKGPEETPK,5.82194644797147,no id,0,488.5545,104,26.3114,2,false
APSASQKGPEETPK,5.82194644797147,no id,0,558.3455,104,46.6468,2,false
APSASQKGPEETPK,5.82194644797147,no id,0,595.9804,102,34.9818,2,false
