Peptide,E-value,Ion_type,charge,M_Z,Intensity,Mobility,Rank,PassMascotThreshold
ALIERVRPTESR,0.772801944823668,frag: a ion,2,454.2767,287.0,38.6089,1,false
ALIERVRPTESR,0.772801944823668,frag: a ion,2,569.8194,285.0,41.1282,1,false
ALIERVRPTESR,0.772801944823668,no id,0,488.5545,104,26.3114,1,false
ALIERVRPTESR,0.772801944823668,no id,0,558.3455,104,46.6468,1,false
ALIERVRPTESR,0.772801944823668,no id,0,595.9804,102,34.9818,1,false
