Peptide,E-value,Ion_type,charge,M_Z,Intensity,Mobility,Rank,PassMascotThreshold
GLVVVAFAVHRMK,0.799959879578783,frag: b ion,2,185.1968,139.0,24.518,1,false
GLVVVAFAVHRMK,0.799959879578783,frag: b ion,2,234.1678,139.0,31.646599,1,false
GLVVVAFAVHRMK,0.799959879578783,frag: b ion,2,575.6772,138.0,34.8022,1,false
GLVVVAFAVHRMK,0.799959879578783,no id,0,488.5545,104,26.3114,1,false
GLVVVAFAVHRMK,0.799959879578783,no id,0,558.3455,104,46.6468,1,false
GLVVVAFAVHRMK,0.799959879578783,no id,0,595.9804,102,34.9818,1,false
