Peptide,E-value,Ion_type,charge,M_Z,Intensity,Mobility,Rank,PassMascotThreshold
CYSTLRASVEIK,10.0708982081753,frag: a ion - NH3,2,496.7682,229.0,35.6978,2,false
CYSTLRASVEIK,10.0708982081753,frag: y ion,1,646.3066,229.0,51.8097,2,false
CYSTLRASVEIK,10.0708982081753,frag: y ion,1,488.2601,229.0,36.5483,2,false
CYSTLRASVEIK,10.0708982081753,no id,0,488.5545,104,26.3114,2,false
CYSTLRASVEIK,10.0708982081753,no id,0,558.3455,104,46.6468,2,false
CYSTLRASVEIK,10.0708982081753,no id,0,595.9804,102,34.9818,2,false
