Peptide,E-value,Ion_type,charge,M_Z,Intensity,Mobility,Rank,PassMascotThreshold
FAGGMLSGSMK,3.40561772837504,frag: a ion,1,120.1003,2425.0,17.4051,2,false
FAGGMLSGSMK,3.40561772837504,frag: b ion,2,74.072,669.0,16.6189,2,false
FAGGMLSGSMK,3.40561772837504,frag: b ion,2,110.07206,7337.0,0.0,2,false
FAGGMLSGSMK,3.40561772837504,frag: y ion,2,115.104,471.0,17.2136,2,false
FAGGMLSGSMK,3.40561772837504,frag: y ion,2,74.072,669.0,16.6189,2,false
FAGGMLSGSMK,3.40561772837504,no id,0,357.6888,101,26.3091,2,false
FAGGMLSGSMK,3.40561772837504,no id,0,357.6888,101,26.3091,2,false
