Peptide,E-value,Ion_type,charge,M_Z,Intensity,Mobility,Rank,PassMascotThreshold
GEEGDLLSCGAYR,0.578186845052773,frag: a ion,1,159.047,635.0,21.0186,1,false
GEEGDLLSCGAYR,0.578186845052773,frag: a ion,1,686.4211,622.0,55.4066,1,false
GEEGDLLSCGAYR,0.578186845052773,frag: b ion,2,159.047,635.0,21.0186,1,false
GEEGDLLSCGAYR,0.578186845052773,no id,0,488.5545,104,26.3114,1,false
GEEGDLLSCGAYR,0.578186845052773,no id,0,558.3455,104,46.6468,1,false
GEEGDLLSCGAYR,0.578186845052773,no id,0,595.9804,102,34.9818,1,false
