Peptide,E-value,Ion_type,charge,M_Z,Intensity,Mobility,Rank,PassMascotThreshold
KPQQVYVGLPIGK,0.580855634271263,frag: a ion,2,493.2875,160.0,38.6721,1,false
KPQQVYVGLPIGK,0.580855634271263,frag: a ion,2,598.6667,159.0,35.4559,1,false
KPQQVYVGLPIGK,0.580855634271263,no id,0,488.5545,104,26.3114,1,false
KPQQVYVGLPIGK,0.580855634271263,no id,0,558.3455,104,46.6468,1,false
KPQQVYVGLPIGK,0.580855634271263,no id,0,595.9804,102,34.9818,1,false
