Peptide,E-value,Ion_type,charge,M_Z,Intensity,Mobility,Rank,PassMascotThreshold
DPEALSQMVK,1.67569856577817,frag: a ion,1,314.2448,117.0,40.8885,2,false
DPEALSQMVK,1.67569856577817,frag: a ion,1,385.2776,117.0,36.2762,2,false
DPEALSQMVK,1.67569856577817,frag: y ion - NH3,1,574.8991,117.0,48.8231,2,false
DPEALSQMVK,1.67569856577817,no id,0,357.6888,101,26.3091,2,false
DPEALSQMVK,1.67569856577817,no id,0,357.6888,101,26.3091,2,false
