Peptide,E-value,Ion_type,charge,M_Z,Intensity,Mobility,Rank,PassMascotThreshold
ETPAACEPSR,0.497961650735513,frag: a ion,1,102.0705,336.0,16.7411,1,false
ETPAACEPSR,0.497961650735513,frag: a ion,1,602.4036,332.0,76.7856,1,false
ETPAACEPSR,0.497961650735513,frag: a ion,2,102.0705,336.0,16.7411,1,false
ETPAACEPSR,0.497961650735513,no id,0,357.6888,101,26.3091,1,false
ETPAACEPSR,0.497961650735513,no id,0,357.6888,101,26.3091,1,false
