Peptide,E-value,Ion_type,charge,M_Z,Intensity,Mobility,Rank,PassMascotThreshold
AWHVCATVEASVAMR,8.21092856304752,frag: a ion,2,448.7495,116.0,31.970299,2,false
AWHVCATVEASVAMR,8.21092856304752,frag: a ion,2,548.8567,115.0,39.1868,2,false
AWHVCATVEASVAMR,8.21092856304752,no id,0,546.8019,114,37.6462,2,false
AWHVCATVEASVAMR,8.21092856304752,no id,0,561.2806,113,28.6145,2,false
AWHVCATVEASVAMR,8.21092856304752,no id,0,731.3604,109,43.9488,2,false
AWHVCATVEASVAMR,8.21092856304752,no id,0,740.5582,106,25.9145,2,false
