Peptide,E-value,Ion_type,charge,M_Z,Intensity,Mobility,Rank,PassMascotThreshold
RLEEIAGFLNGDTPR,0.433902621180766,frag: a ion,2,342.8397,327.0,22.7725,1,false
RLEEIAGFLNGDTPR,0.433902621180766,frag: a ion,2,444.7571,324.0,32.234,1,false
RLEEIAGFLNGDTPR,0.433902621180766,no id,0,546.8019,114,37.6462,1,false
RLEEIAGFLNGDTPR,0.433902621180766,no id,0,561.2806,113,28.6145,1,false
RLEEIAGFLNGDTPR,0.433902621180766,no id,0,731.3604,109,43.9488,1,false
RLEEIAGFLNGDTPR,0.433902621180766,no id,0,740.5582,106,25.9145,1,false
