Peptide,E-value,Ion_type,charge,M_Z,Intensity,Mobility,Rank,PassMascotThreshold
AIEMPRTATEPTASGR,5.18074568185703,frag: a ion,2,143.1241,134.0,16.5884,1,false
AIEMPRTATEPTASGR,5.18074568185703,frag: a ion,2,208.8909,134.0,17.8628,1,false
AIEMPRTATEPTASGR,5.18074568185703,frag: a ion - NH3,2,734.7521,132.0,54.9426,1,false
AIEMPRTATEPTASGR,5.18074568185703,frag: y ion,1,588.74,134.0,43.1564,1,false
AIEMPRTATEPTASGR,5.18074568185703,no id,0,546.8019,114,37.6462,1,false
AIEMPRTATEPTASGR,5.18074568185703,no id,0,561.2806,113,28.6145,1,false
AIEMPRTATEPTASGR,5.18074568185703,no id,0,731.3604,109,43.9488,1,false
AIEMPRTATEPTASGR,5.18074568185703,no id,0,740.5582,106,25.9145,1,false
