Peptide,E-value,Ion_type,charge,M_Z,Intensity,Mobility,Rank,PassMascotThreshold
HADSGFCEEFDFAR,6.56738193014104,frag: b ion,1,775.666,259.0,33.0631,2,false
HADSGFCEEFDFAR,6.56738193014104,frag: y ion,2,775.666,259.0,33.0631,2,false
HADSGFCEEFDFAR,6.56738193014104,frag: y ion,2,196.9962,268.0,16.915,2,false
HADSGFCEEFDFAR,6.56738193014104,no id,0,546.8019,114,37.6462,2,false
HADSGFCEEFDFAR,6.56738193014104,no id,0,561.2806,113,28.6145,2,false
HADSGFCEEFDFAR,6.56738193014104,no id,0,731.3604,109,43.9488,2,false
HADSGFCEEFDFAR,6.56738193014104,no id,0,740.5582,106,25.9145,2,false
