Peptide,E-value,Ion_type,charge,M_Z,Intensity,Mobility,Rank,PassMascotThreshold
IGSEVYHNLK,0.395366620068128,frag: b ion,1,387.5389,350000.0,36.5,1,false
IGSEVYHNLK,0.395366620068128,frag: y ion,2,495.25107,59990.0,46.3,1,false
IGSEVYHNLK,0.395366620068128,frag: y ion,2,387.5389,350000.0,36.5,1,false
IGSEVYHNLK,0.395366620068128,no id,0,476.24884,26011,43.3,1,false
IGSEVYHNLK,0.395366620068128,no id,0,553.25146,47689,42.8,1,false
IGSEVYHNLK,0.395366620068128,no id,0,610.81036,16002,54.4,1,false
