Peptide,E-value,Ion_type,charge,M_Z,Intensity,Mobility,Rank,PassMascotThreshold
TFAEALR,0.0116680961706096,frag: a ion,1,221.12633,76090.0,32.9,1,true
TFAEALR,0.0116680961706096,frag: y ion,1,706.3806,20950.0,103.1,1,true
TFAEALR,0.0116680961706096,frag: y ion,1,559.3142,225900.0,80.8,1,true
TFAEALR,0.0116680961706096,no id,0,230.12727,19397,34.1,1,true
