Peptide,E-value,Ion_type,charge,M_Z,Intensity,Mobility,Rank,PassMascotThreshold
QPTSTMFGNR,0.0610942024905572,frag: y ion,2,505.27567,218100.0,72.3,1,false
QPTSTMFGNR,0.0610942024905572,frag: y ion,2,173.12668,39100.0,26.5,1,false
QPTSTMFGNR,0.0610942024905572,no id,0,417.5447,41673,37.3,1,false
QPTSTMFGNR,0.0610942024905572,no id,0,518.77075,271047,47.2,1,false
QPTSTMFGNR,0.0610942024905572,no id,0,542.7201,27788,45.7,1,false
