func,3D_ID,3D_m_z,3D_RetTime,3D_Mobility,3D_Intensity,3D_m_z_uncal,3D_TC,3D_omegaC,3D_z,3D_omegaD
1,1,526.325,0.0,122.5993,6536,8.90996,7.87,-1.0,1,-1.0
1,2,608.3674,0.0,126.7022,4189,5.24133,8.13,-1.0,1,-1.0
1,4,639.4147,0.0,139.9489,3831,5.1391,8.96,-1.0,1,-1.0
1,3,639.4158,0.0,137.3841,4956,5.9636,8.83,-1.0,1,-1.0
